ts,motor,sample,summary,contributions,errors
2025-11-10T18:36:38.789396,M1,63,"temperature: 73.3% (8.732); vibration: 15.6% (1.861)","[0.15618166441175882, 0.7326461841371931, 0.11117215145096424]","[1.861366840248401, 8.731647968561548, 1.32494526197608]"
2025-11-10T18:36:39.118682,M1,312,"current: 55.0% (5.806); vibration: 45.0% (4.756)","[0.4502937727212235, 5.730909553503022e-07, 0.5497056541877264]","[4.7559141478247575, 6.052873807402857e-06, 5.805882861962685]"
2025-11-10T18:36:39.288019,M1,344,"temperature: 81.2% (9.934); vibration: 18.8% (2.295)","[0.18764024998873394, 0.8123546941166837, 5.0558945005526315e-06]","[2.2946673830217392, 9.934349480700847, 6.182893170902127e-05]"
2025-11-10T18:36:39.505252,M1,586,"current: 52.3% (6.975); temperature: 41.6% (5.547)","[0.06165577938781897, 0.41566795132917167, 0.5226762692829344]","[0.8227708775201319, 5.546916906538452, 6.9748986551912795]"
2025-11-10T18:36:39.657712,M1,627,"vibration: 97.3% (12.609); temperature: 2.7% (0.356)","[0.9725417031504308, 0.027446699483726203, 1.1597365765941766e-05]","[12.608907051613595, 0.3558437458700367, 0.00015035870082756407]"
2025-11-10T18:36:39.825287,M1,629,"vibration: 99.0% (14.094); current: 1.0% (0.144)","[0.9898860201592821, 3.102033162156578e-05, 0.010082959509026075]","[14.093723056051301, 0.00044165889211251867, 0.14355838552273548]"
2025-11-10T18:36:39.982746,M1,694,"current: 75.4% (8.132); temperature: 19.5% (2.101)","[0.05143956768177206, 0.19475474977911633, 0.7538056825390189]","[0.554958865623172, 2.101123315825266, 8.132477882981764]"
2025-11-10T18:36:40.133685,M1,1032,"current: 85.1% (9.315); temperature: 12.0% (1.308)","[0.029073277268071105, 0.11952384174345088, 0.8514028809883867]","[0.3180672842184265, 1.307613978023836, 9.31451241752929]"
2025-11-10T18:36:40.285331,M1,1143,"temperature: 96.0% (18.304); vibration: 4.0% (0.768)","[0.04028436439970866, 0.9597118698414423, 3.7657587966860806e-06]","[0.7683336793217249, 18.30434619068585, 7.182338246639664e-05]"
2025-11-10T18:36:40.443426,M1,1181,"current: 95.8% (13.506); vibration: 4.1% (0.578)","[0.0409853354827574, 0.001224959085117612, 0.9577897054320541]","[0.5779509873451266, 0.017273649327549108, 13.50618457561084]"
2025-11-10T18:36:40.586333,M1,1183,"temperature: 64.4% (10.006); vibration: 35.6% (5.525)","[0.35571489723452826, 0.6441791877352464, 0.00010591503016093986]","[5.525385197646519, 10.006154300019553, 0.0016451977255079544]"
2025-11-10T18:36:40.738803,M1,1296,"current: 35.9% (3.943); vibration: 33.3% (3.656)","[0.3329086081614972, 0.30806607746471976, 0.3590253143736919]","[3.6563074877891495, 3.383464044347171, 3.9431450946848936]"
2025-11-10T18:36:40.899942,M1,1313,"current: 52.9% (5.573); temperature: 46.3% (4.882)","[0.008382435956917544, 0.4630298787027325, 0.528587685340255]","[0.08838164249449584, 4.882034460400856, 5.5732543705487245]"
2025-11-10T18:36:41.039807,M1,1347,"vibration: 83.8% (11.451); current: 15.7% (2.147)","[0.8377186573287221, 0.005222566805913577, 0.15705877586529116]","[11.45095666524501, 0.07138838994772022, 2.146870217818432]"
2025-11-10T18:36:41.185043,M1,1377,"temperature: 78.7% (10.384); current: 21.3% (2.807)","[6.204912775206148e-05, 0.7871332153804319, 0.21280473549174025]","[0.0008185905646280529, 10.38434941084817, 2.807452012505036]"
2025-11-10T18:36:41.338461,M1,1382,"vibration: 85.8% (10.838); temperature: 14.2% (1.793)","[0.8580183057862876, 0.14196561602768518, 1.6078185947964238e-05]","[10.837847218081835, 1.793203765412613, 0.00020308765171188437]"
2025-11-10T18:36:41.498305,M1,1470,"temperature: 86.4% (10.884); vibration: 13.3% (1.675)","[0.13292806227742282, 0.8638940594587604, 0.003177878263737357]","[1.6747002169134835, 10.883808459845287, 0.04003664332741507]"
2025-11-10T18:36:41.625132,M1,1477,"vibration: 63.2% (12.204); current: 36.8% (7.109)","[0.6318452960185331, 7.016298445338255e-05, 0.36808454099696175]","[12.203989550023953, 0.0013551866801307293, 7.109493289193568]"
2025-11-10T18:36:41.768117,M1,1578,"current: 63.6% (8.487); vibration: 36.4% (4.857)","[0.3639826698631613, 1.2290562010244823e-05, 0.6360050395747535]","[4.857129318374236, 0.00016401014120177659, 8.4871038654496]"
2025-11-10T18:36:41.921554,M1,1612,"current: 73.0% (11.763); vibration: 26.4% (4.251)","[0.2638111486868611, 0.006242841720494176, 0.7299460095925828]","[4.251223678679958, 0.10060119398486118, 11.762822669110673]"
2025-11-10T18:36:42.064069,M1,1909,"current: 86.0% (9.459); vibration: 13.9% (1.524)","[0.1385752385972621, 0.0013727915721034561, 0.8600519698305434]","[1.524097056959128, 0.015098423181805801, 9.459140675630994]"
2025-11-10T18:36:42.220983,M1,1955,"temperature: 97.0% (10.755); current: 3.0% (0.337)","[5.992401690984878e-05, 0.9695570837750478, 0.03038299220795228]","[0.0006647011637890577, 10.754714973709953, 0.3370203020669082]"
2025-11-10T18:36:42.354525,M1,1990,"vibration: 92.2% (10.088); current: 5.5% (0.601)","[0.9221808358583662, 0.02292042514343154, 0.05489873899811086]","[10.087876358830501, 0.25073001514236526, 0.6005456519307957]"
2025-11-10T18:36:42.633591,M1,2100,"vibration: 44.7% (4.728); current: 35.6% (3.762)","[0.4473484418762676, 0.1967119582012888, 0.3559395999223489]","[4.727603275674354, 2.078862941952422, 3.761589537402583]"
2025-11-10T18:36:42.787765,M1,2510,"temperature: 52.7% (11.668); vibration: 47.2% (10.459)","[0.47223284604348614, 0.526819282299955, 0.0009478716565138]","[10.458974151919664, 11.66795004301904, 0.020993383323239204]"
2025-11-10T18:36:42.934810,M1,2531,"vibration: 80.0% (10.055); current: 20.0% (2.520)","[0.7995303394680947, 5.412478935796368e-05, 0.20041553574246776]","[10.054695462115282, 0.000680659941319437, 2.5203761236975635]"
2025-11-10T18:36:43.099312,M1,2676,"temperature: 64.3% (9.224); vibration: 23.9% (3.431)","[0.23935807353322477, 0.6434551334030454, 0.1171867930636601]","[3.431405812140743, 9.224488031754339, 1.6799744286417855]"
2025-11-10T18:36:43.243744,M1,2910,"vibration: 98.1% (12.127); temperature: 1.9% (0.232)","[0.981138897508635, 0.018798998414130276, 6.210407715373528e-05]","[12.126953225924979, 0.23235708526211934, 0.000767611232920215]"
2025-11-10T18:36:43.389361,M1,3057,"vibration: 98.1% (11.037); current: 1.9% (0.210)","[0.9810728327730659, 0.0002689868693161763, 0.018658180357529044]","[11.037402821395565, 0.003026193704617108, 0.20991087067226366]"
2025-11-10T18:36:43.539943,M1,3106,"temperature: 72.1% (8.291); vibration: 27.1% (3.121)","[0.27127881799870823, 0.7207959370427891, 0.007925244958415735]","[3.1205865550492877, 8.291491855735641, 0.09116603000984051]"
2025-11-10T18:36:43.712556,M1,3190,"vibration: 83.4% (14.566); temperature: 16.6% (2.890)","[0.8344147626233934, 0.1655681711054875, 1.706627106196295e-05]","[14.566366880400084, 2.8903212551716337, 0.000297925656045839]"
2025-11-10T18:36:43.861287,M1,3603,"temperature: 62.5% (8.033); current: 28.3% (3.629)","[0.09206754724792517, 0.6254034645880507, 0.2825289881639462]","[1.1825985219643702, 8.033245535058965, 3.6290568588195073]"
2025-11-10T18:36:44.001599,M1,3784,"temperature: 74.3% (9.051); current: 24.5% (2.982)","[0.012604636802413194, 0.7426918062669764, 0.2447035569305284]","[0.15361397067427376, 9.051259400514919, 2.9822267477806244]"
2025-11-10T18:36:44.160335,M1,4150,"temperature: 98.9% (11.262); vibration: 1.1% (0.124)","[0.010930360908989733, 0.9890646689128667, 4.970178055711302e-06]","[0.12445761256103702, 11.261899619446824, 5.6592504123842236e-05]"
2025-11-10T18:36:44.319882,M1,4207,"temperature: 91.3% (9.591); current: 8.7% (0.917)","[1.4994135859796055e-06, 0.9127252032732619, 0.08727329731305708]","[1.5756013051507625e-05, 9.591023017053727, 0.9170779992728011]"
2025-11-10T18:36:44.471211,M1,4212,"temperature: 71.2% (13.175); vibration: 28.6% (5.291)","[0.28605007203467575, 0.7122845001267132, 0.0016654278385571943]","[5.290868131182093, 13.17462825738619, 0.030804254000458966]"
2025-11-10T18:36:44.615333,M1,4236,"vibration: 88.7% (9.530); temperature: 11.3% (1.220)","[0.8865273962358466, 0.1134723962500016, 2.0751405865748734e-07]","[9.530385631404659, 1.219855922528504, 2.2308267193331587e-06]"
2025-11-10T18:36:44.771992,M1,4251,"vibration: 67.0% (10.936); current: 24.1% (3.929)","[0.670363847719207, 0.08879769849118038, 0.24083845378955154]","[10.935862138442117, 1.4485855587445864, 3.9288755460770295]"
2025-11-10T18:36:44.937429,M1,4309,"temperature: 72.4% (15.463); vibration: 25.5% (5.439)","[0.25485089531308813, 0.7244615827555724, 0.020687521931292613]","[5.439396060370654, 15.462505926414039, 0.44154298596307723]"
2025-11-10T18:36:45.091497,M1,4365,"current: 99.8% (12.331); temperature: 0.2% (0.025)","[1.299215740151576e-06, 0.0020208595612490857, 0.9979778412229299]","[1.60529556319114e-05, 0.024969501117089864, 12.330895871776727]"
2025-11-10T18:36:45.227649,M1,4442,"vibration: 97.0% (10.358); current: 1.5% (0.164)","[0.9696356198247676, 0.015014601483382713, 0.015349778691755949]","[10.358160592829648, 0.16039391522180527, 0.163974455458161]"
2025-11-10T18:36:45.391837,M1,4672,"temperature: 48.9% (7.827); vibration: 33.8% (5.412)","[0.33804034417662754, 0.48895342189025437, 0.17300623393305578]","[5.411507959637037, 7.827395102486181, 2.769564722447381]"
2025-11-10T18:36:45.545950,M1,4727,"current: 85.7% (9.008); vibration: 14.3% (1.504)","[0.14302536019638154, 0.00020352673663320213, 0.8567711130668902]","[1.5037126102771392, 0.002139800382139803, 9.007755862812767]"
2025-11-10T18:36:45.692400,M1,4781,"vibration: 71.9% (8.060); current: 28.1% (3.143)","[0.7193461696736762, 0.00011948223412171844, 0.280534348092113]","[8.059871299842346, 0.001338731573528142, 3.143230389109203]"
2025-11-10T18:36:45.824662,M1,4793,"current: 88.4% (10.722); temperature: 11.5% (1.398)","[0.0002177555759023272, 0.1153443158213641, 0.884437928602651]","[0.002639857715513348, 1.3983227791063062, 10.722068907028156]"
2025-11-10T18:36:45.968521,M1,4975,"vibration: 80.1% (10.635); current: 19.7% (2.618)","[0.8011501042132181, 0.0015902601790371155, 0.19725963560766943]","[10.634690160574273, 0.02110955760951652, 2.618479476995788]"
2025-11-10T18:36:46.131815,M1,5385,"vibration: 60.4% (6.728); current: 39.6% (4.406)","[0.6042722841235052, 5.0941992244418285e-06, 0.3957226216771805]","[6.728173941335039, 5.672055358880798e-05, 4.406110789984557]"
2025-11-10T18:36:46.263720,M1,5453,"vibration: 100.0% (12.488); current: 0.0% (0.001)","[0.9999144360354517, 4.143580206059909e-05, 4.412816240764232e-05]","[12.487906974014095, 0.0005174907200840502, 0.0005511155427115818]"
2025-11-10T18:36:46.406444,M1,5653,"vibration: 55.4% (6.550); temperature: 44.6% (5.263)","[0.5544365542814556, 0.4455288041446288, 3.4641573830904833e-05]","[6.5495659761523495, 5.263037356552421, 0.0004092213465566094]"
2025-11-10T18:36:46.549296,M1,5735,"vibration: 71.7% (8.937); current: 27.0% (3.362)","[0.717318267456595, 0.012848110793217028, 0.26983362175010767]","[8.937360709802684, 0.16007984991883387, 3.3619670913498623]"
2025-11-10T18:36:46.709036,M1,5740,"temperature: 64.8% (6.806); current: 35.2% (3.692)","[6.677218412637011e-07, 0.6483169956016215, 0.35168233667644194]","[7.009896256350699e-06, 6.806179758618293, 3.692041420462179]"
2025-11-10T18:36:46.863900,M1,5786,"current: 78.2% (10.871); temperature: 20.0% (2.787)","[0.017450387411401435, 0.20049036163218206, 0.7820592509563445]","[0.24256463672562872, 2.7868648752477503, 10.870814133455864]"
2025-11-10T18:36:47.022250,M1,5938,"vibration: 63.0% (7.382); current: 32.2% (3.771)","[0.6303098280636896, 0.04773972736736797, 0.321950444568857]","[7.382045971020883, 0.5591168761441304, 3.7706107002947826]"
2025-11-10T18:36:47.169596,M1,5989,"temperature: 92.6% (15.156); vibration: 7.4% (1.212)","[0.07404074960865875, 0.9259577691272237, 1.4812640564711982e-06]","[1.2118763990577472, 15.155794246553853, 2.42448781285712e-05]"
2025-11-10T18:36:47.320510,M1,6171,"vibration: 99.9% (12.235); temperature: 0.0% (0.005)","[0.9992716287711069, 0.0003911582399377957, 0.0003372129888736964]","[12.234943098750762, 0.0047892871872405205, 0.0041287890221632624]"
2025-11-10T18:36:47.463199,M1,6480,"temperature: 58.2% (8.362); vibration: 38.2% (5.495)","[0.38240547431087263, 0.5819922393871872, 0.035602286301870435]","[5.494614837536207, 8.362388638997686, 0.5115534784563293]"
2025-11-10T18:36:47.606398,M1,6611,"current: 76.7% (8.219); vibration: 23.2% (2.489)","[0.23232197994801052, 0.0006321699623025948, 0.7670458500895935]","[2.4892706637733406, 0.006773539645412375, 8.218700326264415]"
2025-11-10T18:36:47.748753,M1,6650,"vibration: 78.7% (9.327); current: 21.0% (2.490)","[0.7867757067536961, 0.0031533672021036366, 0.2100709260441158]","[9.326669251515487, 0.03738093673983312, 2.4902421741732743]"
2025-11-10T18:36:47.905809,M1,6730,"vibration: 82.5% (9.153); temperature: 13.7% (1.515)","[0.8250501584692534, 0.13654643402269523, 0.038403407507961264]","[9.152728150543178, 1.5147835288639409, 0.4260297939061571]"
2025-11-10T18:36:48.057171,M1,6845,"temperature: 87.6% (9.339); current: 12.4% (1.320)","[4.824069066150091e-06, 0.8761932445138554, 0.12380193141698466]","[5.141729354079669e-05, 9.338897232577528, 1.319541690074681]"
2025-11-10T18:36:48.198602,M1,7467,"vibration: 54.0% (6.426); temperature: 41.9% (4.977)","[0.5404861561285759, 0.4186431461666973, 0.04087069770464257]","[6.425673977771758, 4.977119838858385, 0.4858991774650057]"
2025-11-10T18:36:48.336357,M1,7663,"temperature: 93.4% (12.111); vibration: 3.6% (0.469)","[0.036200154926188347, 0.9338525967930318, 0.029947248280702724]","[0.4694605005980511, 12.110636224324253, 0.3883698895228225]"
2025-11-10T18:36:48.487769,M1,7863,"temperature: 61.8% (9.807); vibration: 34.1% (5.412)","[0.34115842980652783, 0.6181918120922504, 0.04064975810115872]","[5.411886516891885, 9.806540423498562, 0.6448378775436847]"
2025-11-10T18:36:48.782720,M1,8208,"current: 68.7% (8.330); temperature: 21.5% (2.614)","[0.0979362801086835, 0.21546223062086106, 0.686601489270373]","[1.1881313721862308, 2.613918309310707, 8.329627883422004]"
2025-11-10T18:36:48.996937,M1,8515,"current: 74.7% (8.720); temperature: 22.9% (2.670)","[0.02470241905531129, 0.22864383732997562, 0.7466537436146274]","[0.28850200444669705, 2.67035407448889, 8.720243194730132]"
2025-11-10T18:36:49.192590,M1,8639,"vibration: 100.0% (10.711); current: 0.0% (0.001)","[0.9998868574008645, 1.291375941646852e-05, 0.00010022883962560945]","[10.710633424365266, 0.00013833019427795897, 0.0010736358337281515]"
2025-11-10T18:36:49.390773,M1,8768,"vibration: 64.8% (7.874); temperature: 34.6% (4.207)","[0.6484448188732507, 0.34646405683605935, 0.005091124290607636]","[7.873991230281388, 4.207073394271483, 0.061820939654007534]"
2025-11-10T18:36:49.624301,M1,8979,"vibration: 45.4% (5.246); temperature: 44.5% (5.142)","[0.45429921816450375, 0.4452826214423008, 0.10041816039310895]","[5.246198947550045, 5.1420762496822805, 1.159618212634648]"
2025-11-10T18:36:49.914211,M1,9192,"current: 77.0% (10.381); vibration: 12.6% (1.696)","[0.12579867925339808, 0.10412139596545254, 0.7700799247810752]","[1.6957499187007647, 1.4035429448966725, 10.380577742077728]"
2025-11-10T18:36:50.468526,M1,9332,"temperature: 99.9% (10.886); current: 0.1% (0.010)","[3.76541733064941e-06, 0.9990980949650697, 0.0008981396175077976]","[4.102605190184434e-05, 10.885659330622325, 0.009785667650449416]"
2025-11-10T18:36:50.727977,M1,9414,"current: 56.5% (8.609); temperature: 31.8% (4.841)","[0.11774164649449224, 0.31755643573937836, 0.5647019177660638]","[1.7949094753943775, 4.840980846210087, 8.608583735229985]"
2025-11-10T18:36:50.952913,M1,9625,"current: 82.3% (9.418); temperature: 13.6% (1.554)","[0.04120744278853266, 0.13579171190526176, 0.8230008453061182]","[0.4715758648169888, 1.5539933964192358, 9.418379523379434]"
2025-11-10T18:36:51.291665,M1,9965,"temperature: 100.0% (19.933); vibration: 0.0% (0.009)","[0.000444943818982844, 0.9995505201758748, 4.536005092305561e-06]","[0.00887304572204381, 19.932982746649145, 9.045676973659155e-05]"
2025-11-10T18:36:51.505597,M1,10313,"current: 56.6% (6.813); temperature: 43.4% (5.220)","[0.00015532188088987972, 0.4337073864319986, 0.5661372916870285]","[0.0018692433987446931, 5.219513596088895, 6.813260238713276]"
2025-11-10T18:36:51.688150,M1,10356,"vibration: 75.5% (9.052); temperature: 22.6% (2.705)","[0.7547521581781235, 0.2255631053889366, 0.01968473643285663]","[9.05150824381359, 2.7051082740280283, 0.23607293091999262]"
2025-11-10T18:36:51.850075,M1,10439,"temperature: 95.1% (10.550); current: 4.4% (0.490)","[0.005317889623404133, 0.9505517971273424, 0.04413031324916331]","[0.05902479562451987, 10.550449431864351, 0.4898151155515165]"
2025-11-10T18:36:52.040225,M1,10662,"current: 84.6% (9.150); vibration: 10.5% (1.132)","[0.10461512867033276, 0.04953053489592804, 0.8458543364336467]","[1.1317204560501486, 0.5358184829793526, 9.150403651438127]"
2025-11-10T18:36:52.255806,M1,10680,"current: 85.5% (10.950); temperature: 13.2% (1.693)","[0.012334451676240098, 0.13225835109022233, 0.8554071972334595]","[0.1578907780606073, 1.6930119397908843, 10.949891529430744]"
2025-11-10T18:36:52.458084,M1,10701,"temperature: 94.7% (10.102); vibration: 5.3% (0.566)","[0.0530609035553001, 0.9469326255452019, 6.470899404188976e-06]","[0.5660392386272403, 10.101618828188238, 6.902978891347443e-05]"
2025-11-10T18:36:52.638508,M1,10722,"current: 100.0% (10.636); temperature: 0.0% (0.000)","[3.307391767042945e-06, 3.5464239756745354e-06, 0.9999931461841632]","[3.517842539818892e-05, 3.77208447157011e-05, 10.636231438403723]"
2025-11-10T18:36:52.805089,M1,10814,"temperature: 83.1% (10.931); vibration: 12.2% (1.601)","[0.12171931023270789, 0.8307930333902308, 0.04748765637698531]","[1.601468737722073, 10.930796994725506, 0.6247981275118529]"
2025-11-10T18:36:52.990360,M1,10988,"vibration: 65.9% (8.235); temperature: 30.1% (3.758)","[0.65909361854035, 0.3007537288176495, 0.04015265264192044]","[8.235201017952951, 3.7578385589552243, 0.5016968099957578]"
2025-11-10T18:36:53.151924,M1,11030,"temperature: 96.3% (11.601); vibration: 2.4% (0.292)","[0.024226905704110225, 0.9633930950145456, 0.012379999281261036]","[0.2917412937611916, 11.601215251044566, 0.14908040883095372]"
2025-11-10T18:36:53.353911,M1,12913,"temperature: 79.2% (8.948); vibration: 16.2% (1.831)","[0.16208683466024756, 0.7919110537530093, 0.04600211158665469]","[1.8314915419242872, 8.94815670837884, 0.51979840594838]"
2025-11-10T18:36:53.513857,M1,13034,"current: 99.6% (10.538); vibration: 0.4% (0.044)","[0.004191388367094909, 1.128025302270538e-05, 0.9957973313797878]","[0.044354290207436115, 0.0001193703785863119, 10.537769339285235]"
2025-11-10T18:36:53.690838,M1,13068,"temperature: 92.9% (10.027); current: 7.1% (0.769)","[7.195463506570984e-05, 0.9287307580330583, 0.07119728733178335]","[0.0007768820934521135, 10.027349800262277, 0.7687051373398809]"
2025-11-10T18:36:53.889064,M1,13159,"temperature: 92.0% (10.241); vibration: 7.2% (0.804)","[0.07225259628526105, 0.9197406330578253, 0.00800677065682396]","[0.8044731821959265, 10.240554830025665, 0.08914880018951095]"
2025-11-10T18:36:54.062519,M1,14338,"vibration: 84.7% (10.604); current: 13.0% (1.627)","[0.8469179584564583, 0.023179000167041913, 0.1299030413764198]","[10.604266768475409, 0.2902244529633331, 1.6265170563893243]"
2025-11-10T18:36:54.226950,M1,15021,"current: 97.4% (11.801); vibration: 2.2% (0.261)","[0.021535453332702736, 0.004837827087872416, 0.9736267195793423]","[0.2610224011273796, 0.05863731880665525, 11.80093031802823]"
2025-11-10T18:36:54.377596,M1,15033,"temperature: 97.9% (10.373); current: 2.1% (0.222)","[6.506814307533285e-06, 0.9790215961766133, 0.020971897008984844]","[6.894151043528072e-05, 10.373006574205192, 0.2222030917370182]"
2025-11-10T18:36:54.752079,M1,15040,"temperature: 69.4% (7.285); current: 29.0% (3.045)","[0.015815454537728348, 0.6940577942021543, 0.29012675126002213]","[0.16600190112544838, 7.284957448022971, 3.045223402313383]"
2025-11-10T18:36:54.891869,M1,15057,"temperature: 57.1% (6.488); current: 42.7% (4.850)","[0.0018027006465442762, 0.5712007852465165, 0.4269965141068511]","[0.020474704036268537, 6.48758131064406, 4.849738789196918]"
2025-11-10T18:36:55.048532,M1,15573,"vibration: 54.1% (6.253); temperature: 45.9% (5.313)","[0.5406103937908028, 0.45938285540957347, 6.7507995373097965e-06]","[6.252529178739673, 5.313077108118989, 7.807761665637788e-05]"
2025-11-10T18:36:55.191112,M1,15581,"vibration: 98.6% (10.702); current: 1.1% (0.120)","[0.9863113671289249, 0.0026642294968631354, 0.011024403374119923]","[10.7020940711417, 0.02890855327515734, 0.11962165896098931]"
2025-11-10T18:36:55.334263,M1,15922,"temperature: 100.0% (12.789); vibration: 0.0% (0.000)","[2.7142607752612334e-05, 0.9999723018560522, 5.55536116832961e-07]","[0.00034714733349530035, 12.789401863020178, 7.105171447659998e-06]"
2025-11-10T18:36:55.488712,M1,16548,"current: 79.3% (9.195); vibration: 17.3% (2.004)","[0.17285819908917435, 0.03395167060202863, 0.7931901303087108]","[2.0039023259800786, 0.39359331549680326, 9.195256895220146]"
2025-11-10T18:36:55.640589,M1,16664,"current: 93.3% (13.443); vibration: 5.8% (0.839)","[0.05817157386158031, 0.009244184496827507, 0.9325842416415228]","[0.8385501815606018, 0.13325602306445522, 13.44331317233868]"
2025-11-10T18:36:55.790095,M1,16728,"vibration: 78.7% (8.416); current: 21.3% (2.278)","[0.7869947579239975, 1.5219012825669923e-05, 0.21299002306308326]","[8.415869459444977, 0.0001627472406300654, 2.277646975681877]"
2025-11-10T18:36:55.932688,M1,16742,"current: 97.0% (11.020); vibration: 3.0% (0.346)","[0.03042533108058827, 6.540015242859808e-07, 0.9695740149177995]","[0.34581696088778935, 7.433438240836614e-06, 11.020262632690558]"
2025-11-10T18:36:56.091004,M1,16750,"temperature: 91.5% (9.975); current: 7.0% (0.763)","[0.015426448711254051, 0.9145927304573974, 0.06998082083125687]","[0.16825653637368682, 9.975478342403594, 0.7632819935455927]"
2025-11-10T18:36:56.246528,M1,17271,"current: 100.0% (11.661); vibration: 0.0% (0.000)","[3.4590670872668876e-07, 8.959616164400401e-08, 0.999999564497044]","[4.033462266276437e-06, 1.0447404692570845e-06, 11.660544325778472]"
2025-11-10T18:36:56.389212,M1,17381,"vibration: 51.0% (6.856); current: 48.9% (6.582)","[0.5098723988004672, 0.000657025230704361, 0.48947057596875404]","[6.85628150182327, 0.008835053527328432, 6.581937095627453]"
2025-11-10T18:36:56.521236,M1,17629,"vibration: 55.6% (8.626); current: 44.1% (6.840)","[0.5562803386925463, 0.0026292656139396604, 0.4410903956934495]","[8.625779992025413, 0.04076985136621191, 6.839624637443813]"
2025-11-10T18:36:56.672696,M1,17778,"temperature: 99.9% (11.159); vibration: 0.1% (0.009)","[0.0008081265815390827, 0.9991914816401662, 3.917782051995353e-07]","[0.009024793226647827, 11.158519867588682, 4.3752023178091866e-06]"
2025-11-10T18:36:56.831527,M1,18272,"current: 52.0% (5.630); temperature: 47.9% (5.186)","[0.0001047992594523797, 0.47943342625021795, 0.5204617744902373]","[0.0011336484556264748, 5.186190876579972, 5.6300081693952695]"
2025-11-10T18:36:56.959478,M1,20881,"temperature: 98.2% (10.732); vibration: 1.8% (0.193)","[0.01763726662622594, 0.9823480007050986, 1.473266858377434e-05]","[0.19268062700762895, 10.731789269097847, 0.0001609489656405261]"
2025-11-10T18:36:57.118142,M1,21262,"current: 96.6% (10.999); temperature: 3.3% (0.377)","[0.0004360879726476819, 0.03314378397285335, 0.9664201280544111]","[0.004963385736471672, 0.37722981357356444, 10.999422547476874]"
2025-11-10T18:36:57.281450,M1,21397,"current: 68.8% (7.619); vibration: 26.3% (2.912)","[0.26286896164373796, 0.04942141527812445, 0.6877096230780474]","[2.9124156929212743, 0.5475568683436374, 7.619371590701426]"
2025-11-10T18:36:58.528292,M2,50,"vibration: 94.5% (14.656); temperature: 3.6% (0.558)","[0.9448564954793457, 0.03599425074915497, 0.01914925377143482]","[14.656101386500778, 0.5583232912455314, 0.2970328363013472]"
2025-11-10T18:36:58.669581,M2,151,"vibration: 95.3% (11.388); current: 4.7% (0.562)","[0.952907589763016, 3.9742222502047135e-05, 0.04705266801439824]","[11.388135179380399, 0.0004749566558651121, 0.5623233035972953]"
2025-11-10T18:36:58.824703,M2,210,"current: 88.2% (10.717); temperature: 9.6% (1.167)","[0.021684533490613417, 0.09604745355803868, 0.8822680129512656]","[0.2634135593163373, 1.1667394927331627, 10.71737870971699]"
2025-11-10T18:36:58.965455,M2,211,"vibration: 62.9% (6.450); current: 36.3% (3.722)","[0.6285806312005018, 0.00866488926522538, 0.3627544795341754]","[6.450004005996762, 0.08891233311704598, 3.7223034405627007]"
2025-11-10T18:36:59.098767,M2,265,"current: 97.5% (11.399); temperature: 1.7% (0.202)","[0.007562725712999886, 0.017280687202797275, 0.9751565870841173]","[0.08840180819385297, 0.20199648295239944, 11.398748128892207]"
2025-11-10T18:36:59.252174,M2,267,"vibration: 41.6% (5.007); current: 38.9% (4.682)","[0.4156563511203571, 0.19568047343617098, 0.38866317544338885]","[5.006901239029534, 2.3571221810051304, 4.681747625045131]"
2025-11-10T18:36:59.411784,M2,403,"vibration: 42.4% (4.808); temperature: 31.3% (3.553)","[0.42368700533540893, 0.3130785989288323, 0.26323439573567053]","[4.807971515007354, 3.5527947910901787, 2.9871661404044128]"
2025-11-10T18:36:59.554626,M2,501,"vibration: 88.0% (9.623); temperature: 6.6% (0.717)","[0.8804115824331784, 0.06555566226451402, 0.05403275530221611]","[9.623439571826735, 0.7165636697442185, 0.5906112163053499]"
2025-11-10T18:36:59.721013,M2,592,"temperature: 74.9% (8.469); vibration: 22.3% (2.527)","[0.2234369488353955, 0.748849030320158, 0.02771402084435803]","[2.5268822781047464, 8.46884704412045, 0.31342205705746784]"
2025-11-10T18:36:59.895438,M2,714,"current: 60.3% (8.532); vibration: 37.2% (5.259)","[0.37170269398374156, 0.02527176819731025, 0.6030255378188775]","[5.2592017667047015, 0.35756891220395426, 8.532176454991776]"
2025-11-10T18:37:00.042222,M2,771,"vibration: 61.3% (8.198); current: 38.7% (5.175)","[0.6130272827276122, 7.913095985571417e-06, 0.3869648041763274]","[8.19782701037675, 0.00010581942082183822, 5.174762385170039]"
2025-11-10T18:37:00.216245,M2,969,"temperature: 85.8% (10.319); current: 14.2% (1.702)","[6.092384080416349e-05, 0.8583391661232471, 0.14159991003586556]","[0.0007324069603852018, 10.318679376447562, 1.7022689037868235]"
2025-11-10T18:37:00.367956,M2,1038,"vibration: 73.4% (8.898); temperature: 18.1% (2.200)","[0.7341065928575699, 0.1814770245304908, 0.08441638261185672]","[8.897535727591062, 2.1995420354578434, 1.0231453954926117]"
2025-11-10T18:37:00.511460,M2,1052,"vibration: 60.5% (6.812); temperature: 33.0% (3.714)","[0.6046055220196376, 0.32964141603595365, 0.06575306194432008]","[6.811600834265674, 3.7138029057003714, 0.7407865050576001]"
2025-11-10T18:37:00.670521,M2,1080,"current: 68.5% (7.445); vibration: 28.3% (3.079)","[0.2833886756032244, 0.03134758978622544, 0.6852637346104582]","[3.07892413735585, 0.34058118460553277, 7.445163602446882]"
2025-11-10T18:37:00.818434,M2,1141,"temperature: 50.7% (5.446); vibration: 49.3% (5.290)","[0.4926947285537811, 0.5072429409002388, 6.23305458870165e-05]","[5.289914222767926, 5.446113976788582, 0.0006692242114472428]"
2025-11-10T18:37:00.997263,M2,1217,"temperature: 95.7% (13.117); current: 3.5% (0.476)","[0.008271167255907094, 0.9569772423145604, 0.034751590429459654]","[0.11337035327364674, 13.11699360916183, 0.4763293936530179]"
2025-11-10T18:37:01.151301,M2,1276,"current: 68.4% (9.296); temperature: 22.8% (3.102)","[0.08754421882729811, 0.2282978529972164, 0.6841579281754119]","[1.189509990909679, 3.1020046861020045, 9.296018650073957]"
2025-11-10T18:37:01.310873,M2,1316,"vibration: 62.7% (7.864); temperature: 23.2% (2.916)","[0.626709992193319, 0.23241621644827246, 0.14087379135832873]","[7.863701950126322, 2.916264105075083, 1.7676270071093145]"
2025-11-10T18:37:01.459358,M2,1379,"temperature: 51.1% (5.807); vibration: 26.3% (2.992)","[0.2634071622772677, 0.5112074394036676, 0.22538539831897658]","[2.992013737576625, 5.8067505386855025, 2.5601285940346474]"
2025-11-10T18:37:01.603252,M2,1423,"temperature: 96.7% (14.217); vibration: 3.3% (0.480)","[0.032635369236137426, 0.9669333668767387, 0.00043126388705585757]","[0.479827475553086, 14.216514392696476, 0.006340736050079234]"
2025-11-10T18:37:01.744097,M2,1450,"vibration: 96.2% (12.186); current: 2.7% (0.337)","[0.9619909504897283, 0.011417097674636185, 0.026591951835556637]","[12.185589181319118, 0.14462096741688202, 0.3368416308204949]"
2025-11-10T18:37:01.889903,M2,1637,"current: 93.3% (9.653); vibration: 4.4% (0.459)","[0.04437830497275236, 0.02218629856696746, 0.9334353964601836]","[0.45895514397404613, 0.22944805709243835, 9.653477685456641]"
2025-11-10T18:37:02.034727,M2,1698,"vibration: 88.5% (13.271); temperature: 10.3% (1.539)","[0.8847397552126456, 0.10260260227243256, 0.012657642514855138]","[13.27060343116149, 1.5389818731897986, 0.18985758602842456]"
2025-11-10T18:37:02.185546,M2,1738,"current: 86.9% (13.690); vibration: 12.7% (1.998)","[0.12686243411590595, 0.003845526751255575, 0.869292039132775]","[1.9978799565165761, 0.06056088133672771, 13.689956001916586]"
2025-11-10T18:37:02.345508,M2,1937,"temperature: 93.4% (10.612); current: 6.6% (0.750)","[5.41047956849841e-05, 0.9339233468536681, 0.06602254835055898]","[0.0006147768941446931, 10.611896547781663, 0.7501948155353506]"
2025-11-10T18:37:02.501944,M2,2158,"vibration: 97.2% (10.743); temperature: 2.8% (0.307)","[0.9722103384174353, 0.027782625344045988, 7.036238428208612e-06]","[10.74265836270374, 0.3069904121529017, 7.774851038491805e-05]"
2025-11-10T18:37:02.654150,M2,2204,"temperature: 100.0% (14.103); current: 0.0% (0.000)","[4.402599928224844e-06, 0.999986226165337, 9.371234663866481e-06]","[6.209027304512363e-05, 14.10289802303326, 0.0001321633872110673]"
2025-11-10T18:37:02.802449,M2,2386,"current: 48.1% (5.160); vibration: 45.8% (4.918)","[0.4583884086764512, 0.06070793409303526, 0.48090365723042033]","[4.918471113924807, 0.65139129736023, 5.160057937542984]"
2025-11-10T18:37:02.939879,M2,2558,"vibration: 88.1% (12.548); current: 11.9% (1.698)","[0.8806068261973731, 0.0002381655205211843, 0.11915500828203543]","[12.548468692944653, 0.0033938103692704074, 1.697934704289421]"
2025-11-10T18:37:03.060811,M2,2732,"temperature: 70.0% (7.175); vibration: 15.8% (1.615)","[0.15755142968077251, 0.699837292039933, 0.1426112782791971]","[1.6152123669570708, 7.174710196226156, 1.462046398505179]"
2025-11-10T18:37:03.214882,M2,2871,"current: 63.6% (6.656); temperature: 24.1% (2.516)","[0.12322676011347825, 0.24050155812715282, 0.6362716817592734]","[1.2890194989382673, 2.5157782097447745, 6.655750777304088]"
2025-11-10T18:37:03.370617,M2,2937,"vibration: 78.2% (9.505); temperature: 20.8% (2.530)","[0.7823907073182703, 0.20822813917185493, 0.009381153509792423]","[9.505474405765911, 2.5298194737545145, 0.11397414840155858]"
2025-11-10T18:37:03.522828,M2,3019,"vibration: 95.4% (13.697); current: 4.0% (0.573)","[0.954405041852341, 0.005653522505943853, 0.03994143564164553]","[13.697169752182747, 0.08113668103785972, 0.5732205930803772]"
2025-11-10T18:37:03.686276,M2,3380,"vibration: 96.4% (10.679); temperature: 2.5% (0.276)","[0.9643627742246519, 0.024903388813633333, 0.010733836961624652]","[10.678703158015848, 0.275763337073287, 0.11885927342216804]"
2025-11-10T18:37:03.848810,M2,3491,"current: 62.3% (6.308); vibration: 35.4% (3.580)","[0.35356917290682904, 0.02345021640824715, 0.6229806106848251]","[3.579987324365155, 0.2374400369945914, 6.307853909437535]"
2025-11-10T18:37:04.102409,M2,3621,"vibration: 68.9% (9.150); current: 20.5% (2.719)","[0.6889996440696458, 0.10628822779683497, 0.20471212813344394]","[9.150409062050967, 1.4115838392554894, 2.718723773672453]"
2025-11-10T18:37:04.270384,M2,4187,"temperature: 100.0% (10.532); current: 0.0% (0.001)","[2.452605226518854e-06, 0.9998880212049293, 0.00010952618974917207]","[2.583255427635717e-05, 10.53152023765254, 0.0011536064633581305]"
2025-11-10T18:37:04.445150,M2,4208,"vibration: 63.4% (7.696); temperature: 19.6% (2.372)","[0.6343815893689378, 0.19552277726253095, 0.17009563336844866]","[7.696376639332002, 2.372100578892273, 2.0636160964437495]"
2025-11-10T18:37:04.613481,M2,4614,"vibration: 82.9% (11.295); current: 12.9% (1.751)","[0.8291879501524574, 0.04224262918124029, 0.12856942066622892]","[11.294897486184311, 0.5754137720661292, 1.75132601241511]"
2025-11-10T18:37:04.774477,M2,4667,"current: 58.9% (6.760); vibration: 22.9% (2.626)","[0.2287926968932055, 0.1821221063200749, 0.5890851967866325]","[2.6255410208945014, 2.089966451937333, 6.760125519596273]"
2025-11-10T18:37:04.929958,M2,4827,"vibration: 94.2% (10.634); current: 5.6% (0.632)","[0.9419129136044857, 0.0020813742375674835, 0.05600571215785839]","[10.633989894799141, 0.023498257949228822, 0.632292188094765]"
2025-11-10T18:37:05.082450,M2,5087,"current: 72.2% (7.868); temperature: 25.8% (2.816)","[0.019457323527297357, 0.258444824938981, 0.7220978515336298]","[0.2120195215345638, 2.816181169510419, 7.868442993637279]"
2025-11-10T18:37:05.251129,M2,5375,"current: 45.8% (4.888); temperature: 28.9% (3.081)","[0.2528175310122515, 0.2889093531045092, 0.45827311588314557]","[2.696466968415093, 3.0814102344616665, 4.887787308672362]"
2025-11-10T18:37:05.393148,M2,5378,"current: 51.5% (7.825); temperature: 48.4% (7.354)","[0.0011358753259449567, 0.48391075450598464, 0.5149533701680047]","[0.017260955154176257, 7.353590346900591, 7.825319228206023]"
2025-11-10T18:37:05.553384,M2,5569,"current: 91.8% (14.414); vibration: 8.2% (1.294)","[0.0823582287668179, 3.578272547061941e-06, 0.9176381929605714]","[1.2936493219055107, 5.620603943785662e-05, 14.41388485222407]"
2025-11-10T18:37:05.696186,M2,5570,"temperature: 68.5% (7.193); vibration: 20.2% (2.125)","[0.20237492095949638, 0.6850838287114539, 0.11254125032895458]","[2.1249534853895438, 7.193437125026858, 1.1816924794968642]"
2025-11-10T18:37:05.854275,M2,5647,"vibration: 68.7% (7.904); current: 31.3% (3.605)","[0.6867727116720563, 4.0904310130277e-09, 0.3132272842374258]","[7.904200977955417, 4.707756767841921e-08, 3.6049938565031616]"
2025-11-10T18:37:06.215229,M2,5751,"temperature: 49.1% (5.000); current: 30.6% (3.113)","[0.20261215478907174, 0.49141695844309063, 0.3059708867677394]","[2.0616634688196656, 5.0003732117419695, 3.1133818226656094]"
2025-11-10T18:37:06.362381,M2,6368,"temperature: 94.5% (12.983); vibration: 5.5% (0.757)","[0.05511987707676872, 0.9448589828626972, 2.114006046131464e-05]","[0.757393610504813, 12.983159513428937, 0.00029048226462452347]"
2025-11-10T18:37:06.515260,M2,6735,"temperature: 68.8% (13.450); vibration: 30.3% (5.920)","[0.3027233511419006, 0.6878089915026318, 0.009467657355416461]","[5.919580257837449, 13.449707503249536, 0.18513457041780065]"
2025-11-10T18:37:06.657047,M2,6793,"temperature: 49.6% (5.049); current: 43.1% (4.395)","[0.07306402363916817, 0.4955575734616964, 0.43137840289903734]","[0.7444560832784277, 5.0492818736646345, 4.39535437877203]"
2025-11-10T18:37:06.810826,M2,7116,"current: 95.0% (11.932); vibration: 5.0% (0.629)","[0.05004518819606563, 5.476937934608486e-06, 0.9499493348659201]","[0.6286043812821902, 6.879436976472769e-05, 11.932062510252784]"
2025-11-10T18:37:06.954806,M2,7244,"current: 56.6% (7.065); vibration: 39.9% (4.978)","[0.39863199713557623, 0.0355913841116796, 0.565776618752664]","[4.977619294230601, 0.4444208230540408, 7.06471290303875]"
2025-11-10T18:37:07.113697,M2,7456,"vibration: 100.0% (10.302); temperature: 0.0% (0.000)","[0.9999208677555524, 4.0716110816174895e-05, 3.8416133534460093e-05]","[10.302070643996034, 0.00041949344543487307, 0.0003957970418494602]"
2025-11-10T18:37:07.264294,M2,7465,"temperature: 96.7% (9.784); current: 2.5% (0.257)","[0.00775801089507866, 0.9668032261011285, 0.02543876300369414]","[0.0785107925428501, 9.784014039260288, 0.25743937095998504]"
2025-11-10T18:37:07.415956,M2,7514,"vibration: 91.8% (9.592); temperature: 6.7% (0.704)","[0.9176302159013178, 0.06737049130573765, 0.014999292792848931]","[9.592109908176951, 0.7042326483743541, 0.15678958966343118]"
2025-11-10T18:37:07.572146,M2,7529,"vibration: 100.0% (11.338); current: 0.0% (0.004)","[0.9996651611273449, 3.6146168607791034e-07, 0.0003344774108807904]","[11.33778794277854, 4.099548634433682e-06, 0.003793504168875328]"
2025-11-10T18:37:07.717714,M2,7547,"temperature: 99.8% (19.285); vibration: 0.2% (0.036)","[0.0018558008364961698, 0.9979449094462167, 0.00019928971723550095]","[0.03586293987684027, 19.285064207342458, 0.0038512296183588987]"
2025-11-10T18:37:07.862077,M2,7629,"vibration: 67.6% (7.573); temperature: 19.0% (2.131)","[0.6764874266449243, 0.1903430722931607, 0.13316950106182557]","[7.5730978773695465, 2.130840367432199, 1.4907973542441293]"
2025-11-10T18:37:08.006133,M2,7635,"current: 85.6% (11.204); temperature: 12.9% (1.684)","[0.014770548523749798, 0.12876055034462575, 0.856468901131548]","[0.1932167986178406, 1.6843451200107444, 11.203658342565472]"
2025-11-10T18:37:08.165096,M2,8312,"vibration: 81.3% (13.045); temperature: 18.0% (2.886)","[0.8130679971228253, 0.17986049519523495, 0.0070715076818774775]","[13.04478201989526, 2.885663883112873, 0.11345456540970145]"
2025-11-10T18:37:08.317362,M2,8406,"temperature: 57.1% (6.801); vibration: 37.2% (4.434)","[0.37230197561860906, 0.5710120040516231, 0.0566860203296838]","[4.434216146229886, 6.800905753588039, 0.6751456695703756]"
2025-11-10T18:37:08.457725,M2,8550,"temperature: 95.4% (11.547); vibration: 2.9% (0.350)","[0.028885547482521028, 0.9542151591831689, 0.016899293334227565]","[0.3495458076033957, 11.54701702108688, 0.2044994002628372]"
2025-11-10T18:37:08.612191,M2,8640,"temperature: 67.4% (9.722); current: 19.3% (2.787)","[0.1332233132650084, 0.6736789353353265, 0.19309775139959584]","[1.9225937186304864, 9.722103869860476, 2.7866633461070367]"
2025-11-10T18:37:08.770643,M2,8666,"temperature: 87.8% (10.572); vibration: 12.1% (1.462)","[0.12147700827200476, 0.87837589044519, 0.0001471012827221272]","[1.462063161882249, 10.571885577144172, 0.0017704697340921642]"
2025-11-10T18:37:08.917518,M2,9118,"vibration: 60.9% (6.633); temperature: 21.8% (2.370)","[0.609322617037898, 0.21774300118535714, 0.17293438177665288]","[6.6332124212600485, 2.370395484622753, 1.8825995575878558]"
2025-11-10T18:37:09.073400,M2,9425,"current: 98.7% (11.706); vibration: 1.3% (0.149)","[0.012537844953288598, 1.4848153250449022e-05, 0.9874473068933766]","[0.1486358192248547, 0.00017602446278280112, 11.706161620939225]"
2025-11-10T18:37:09.223350,M2,9450,"current: 65.7% (7.709); vibration: 34.3% (4.023)","[0.3429000411978847, 1.6866996815184067e-05, 0.657083091805215]","[4.0229861367092035, 0.00019788768213137905, 7.709057601054344]"
2025-11-10T18:37:09.354488,M2,9513,"current: 68.1% (6.911); temperature: 31.8% (3.229)","[0.0006260008501328477, 0.31823966838949824, 0.6811343307602703]","[0.006351756626810776, 3.229038622196901, 6.911171922908309]"
2025-11-10T18:37:09.497527,M2,9544,"current: 95.5% (11.162); vibration: 4.5% (0.524)","[0.044845792096481485, 1.188395073523532e-05, 0.9551423239526977]","[0.5240816181104136, 0.00013887947652852843, 11.162084808000184]"
2025-11-10T18:37:09.657004,M2,9847,"temperature: 99.8% (15.540); vibration: 0.1% (0.020)","[0.0012833163274384239, 0.9975592719110108, 0.0011574117614866555]","[0.019991176250542742, 15.539725318497505, 0.018029866856378075]"
2025-11-10T18:37:09.800678,M2,9864,"vibration: 65.4% (7.641); temperature: 22.6% (2.642)","[0.6537687575155899, 0.22607971890357081, 0.12015152358075361]","[7.641355712704582, 2.6424565746081115, 1.4043505758717096]"
2025-11-10T18:37:09.954113,M2,9880,"temperature: 90.1% (9.343); current: 9.9% (1.025)","[6.950312097058541e-05, 0.9010427896579465, 0.0988877072209864]","[0.0007206797617586327, 9.342937323056923, 1.0253693400478912]"
2025-11-10T18:37:10.099510,M2,10101,"current: 81.0% (13.740); temperature: 18.9% (3.211)","[0.0006733904277640122, 0.1893099852336589, 0.8100166243385183]","[0.011422648629971227, 3.2112447019026256, 13.740223951470867]"
2025-11-10T18:37:10.239940,M2,10597,"temperature: 88.7% (9.613); current: 6.2% (0.670)","[0.05100350098119628, 0.8871256093602056, 0.06187088965850602]","[0.5526573247241804, 9.612604165037068, 0.6704128089085718]"
2025-11-10T18:37:10.383905,M2,10639,"current: 59.3% (6.986); temperature: 34.3% (4.048)","[0.06413650671940788, 0.3433446446194849, 0.5925188486610224]","[0.7562451648878031, 4.048438879273026, 6.986497040837324]"
2025-11-10T18:37:10.536791,M2,10896,"current: 56.6% (5.846); vibration: 39.6% (4.086)","[0.39568017582818593, 0.03823628927845232, 0.5660835348932648]","[4.086424953141281, 0.3948889435664916, 5.84628198192758]"
2025-11-10T18:37:10.681953,M2,10917,"vibration: 84.6% (10.205); current: 15.4% (1.856)","[0.846004272651117, 0.00014360327960193147, 0.1538521240691981]","[10.205009504042327, 0.0017322286429559243, 1.855856334416815]"
2025-11-10T18:37:10.832455,M2,10994,"current: 100.0% (13.198); vibration: 0.0% (0.005)","[0.0004157986877562482, 1.3839621163144329e-05, 0.9995703616910049]","[0.005489992303663244, 0.00018273124930066732, 13.19781363973542]"
2025-11-10T18:37:10.986044,M2,11162,"current: 100.0% (12.238); temperature: 0.0% (0.004)","[5.9680794912005434e-06, 0.00035739116548858674, 0.9996366407549386]","[7.306506811114375e-05, 0.0043754125405410385, 12.23819477452403]"
2025-11-10T18:37:11.122679,M2,11188,"vibration: 99.5% (13.901); current: 0.5% (0.069)","[0.9950416911632358, 1.0892161423069236e-08, 0.004958297944531114]","[13.900695638975884, 1.5216309239834798e-07, 0.06926723897740668]"
2025-11-10T18:37:11.265189,M2,11196,"temperature: 80.4% (8.392); current: 19.6% (2.044)","[5.860743882268633e-06, 0.8041067376041623, 0.19588740165185958]","[6.116197444494935e-05, 8.391555188949837, 2.044255899010707]"
2025-11-10T18:37:11.420604,M2,11360,"temperature: 74.1% (7.745); vibration: 25.9% (2.707)","[0.259031408517064, 0.7409467314677491, 2.1860015091241717e-05]","[2.7074508011015097, 7.744531187050044, 0.00022848547869041373]"
2025-11-10T18:37:11.560607,M2,11419,"current: 82.0% (8.680); vibration: 17.8% (1.888)","[0.1784748260393205, 0.0011488112250808778, 0.8203763627355041]","[1.8883736353963696, 0.012155130656982337, 8.680087432335075]"
2025-11-10T18:37:11.721728,M2,11572,"temperature: 84.4% (8.609); current: 15.6% (1.590)","[6.258024950167827e-05, 0.8440731581032538, 0.15586426164714656]","[0.0006382659559478228, 8.608836900406143, 1.5896844891238353]"
2025-11-10T18:37:11.938684,M2,11870,"current: 81.6% (8.281); temperature: 11.2% (1.133)","[0.07274160711123753, 0.11157816749206968, 0.8156802253965942]","[0.7384846212407888, 1.1327596960171225, 8.28091825610144]"
2025-11-10T18:37:12.155302,M2,12181,"temperature: 80.2% (8.342); vibration: 19.0% (1.972)","[0.18952850945317373, 0.80188990742993, 0.008581583116800082]","[1.9715674167608626, 8.341647480263873, 0.08926978693666317]"
2025-11-10T18:37:12.322104,M2,12347,"vibration: 76.8% (9.301); temperature: 23.2% (2.806)","[0.7682240119434971, 0.2317741827524976, 1.8053039225789575e-06]","[9.301030881968904, 2.8061331042886475, 2.1857150094498056e-05]"
2025-11-10T18:37:12.505243,M2,13055,"temperature: 99.9% (11.051); current: 0.1% (0.010)","[2.6228176819205874e-05, 0.9990596820411566, 0.0009140897819338755]","[0.0002901319754223614, 11.05144139882359, 0.010111517699990124]"
2025-11-10T18:37:12.704665,M2,13665,"temperature: 89.7% (9.897); current: 10.3% (1.133)","[3.224021048472435e-05, 0.8972143559947178, 0.10275340379470692]","[0.00035563615274582315, 9.897015464755297, 1.1334549203517728]"
2025-11-10T18:37:12.865621,M2,13687,"temperature: 76.7% (9.393); vibration: 23.3% (2.846)","[0.23256290970977356, 0.7674170144544791, 2.007583566570114e-05]","[2.8464304421174433, 9.392723691271872, 0.00024571618002678145]"
2025-11-10T18:37:13.055976,M2,13902,"vibration: 64.5% (6.683); current: 21.8% (2.256)","[0.6452390595634354, 0.13689351462296082, 0.21786742581350735]","[6.682799507181324, 1.4178185565480355, 2.2564727046165904]"
2025-11-10T18:37:13.398318,M2,14043,"temperature: 99.4% (14.696); current: 0.6% (0.088)","[2.2293412437239568e-05, 0.994024725758929, 0.005952980828566038]","[0.00032958548124384113, 14.695646910487076, 0.0880087809231434]"
2025-11-10T18:37:13.645189,M2,14092,"temperature: 70.2% (7.787); vibration: 24.3% (2.700)","[0.24332450392961044, 0.7016423413046963, 0.0550331547656033]","[2.7004964315409286, 7.787060523339163, 0.61077629117018]"
2025-11-10T18:37:13.876526,M2,14616,"current: 83.5% (8.767); vibration: 16.2% (1.699)","[0.1617764341783621, 0.0036418508422369246, 0.8345817149793057]","[1.6993284839703058, 0.038254650017574714, 8.766595009143872]"
2025-11-10T18:37:14.075642,M2,15175,"temperature: 96.7% (10.774); current: 3.3% (0.372)","[1.7961054594555496e-05, 0.9666123228892667, 0.03336971605604898]","[0.00020019530365644614, 10.773935710742633, 0.3719414360443594]"
2025-11-10T18:37:14.311629,M2,15742,"temperature: 99.6% (10.769); vibration: 0.4% (0.045)","[0.004205275935881001, 0.9957667366322397, 2.798743178695743e-05]","[0.04547926106899087, 10.769028256317544, 0.00030267876265364506]"
2025-11-10T18:37:14.505667,M2,15798,"vibration: 63.6% (8.223); current: 34.9% (4.513)","[0.6358486524295486, 0.01520722127165094, 0.3489441262987232]","[8.223172946135012, 0.1966688300260013, 4.51275297687339]"
2025-11-10T18:37:14.680326,M2,16488,"current: 98.5% (11.012); temperature: 1.0% (0.110)","[0.005516683945130223, 0.009878591416844334, 0.984604724637936]","[0.06170171638335556, 0.11048775893845258, 11.012376651185473]"
2025-11-10T18:37:14.871898,M2,17456,"temperature: 97.0% (10.820); vibration: 3.0% (0.332)","[0.02978212956673992, 0.970186106090053, 3.176434311733996e-05]","[0.3321418374975108, 10.819891011124188, 0.0003542482503224696]"
2025-11-10T18:37:15.038563,M2,17493,"temperature: 82.1% (8.693); vibration: 17.3% (1.836)","[0.17342409182746732, 0.8213092032177697, 0.00526670495466847]","[1.8355405387147679, 8.692831090766438, 0.05574341112514782]"
2025-11-10T18:37:15.421263,M2,18554,"temperature: 94.6% (9.825); vibration: 5.4% (0.563)","[0.05420546673690794, 0.9457470269600855, 4.750630291035024e-05]","[0.5631052494218156, 9.824749191647275, 0.000493512004596883]"
2025-11-10T18:37:15.770558,M2,18636,"temperature: 70.9% (7.564); vibration: 23.7% (2.526)","[0.23674989039896505, 0.7088108412307228, 0.054439268370218535]","[2.526488029094312, 7.56410954296061, 0.5809513137185849]"
2025-11-10T18:37:16.082884,M2,19000,"current: 98.1% (10.929); temperature: 1.9% (0.207)","[6.761441769005125e-05, 0.018620325573560782, 0.9813120600086593]","[0.0007530453925064883, 0.2073810713628887, 10.92921525684164]"
2025-11-10T18:37:16.400872,M2,19036,"current: 100.0% (10.145); vibration: 0.0% (0.003)","[0.0003339513233608758, 1.0313765701106596e-05, 0.9996557349108395]","[0.0033892550951730676, 0.00010467388660449321, 10.145455507910327]"
2025-11-10T18:37:16.856651,M2,19977,"current: 74.6% (9.958); temperature: 14.2% (1.893)","[0.11267237878595047, 0.14171592825233406, 0.7456116929616406]","[1.5047230159569343, 1.8925953393963373, 9.957534290612617]"
2025-11-10T18:37:17.171710,M2,21599,"temperature: 54.6% (1120.578); current: 26.6% (546.828)","[0.18815518620078442, 0.5455991393142501, 0.26624567448496517]","[386.44231644611006, 1120.578175414246, 546.8283775177597]"
2025-11-10T18:37:19.774260,M4,72,"current: 40.4% (6.449); vibration: 40.0% (6.378)","[0.3995444766929338, 0.19642497785608132, 0.4040305454509222]","[6.377727817113543, 3.135433270452709, 6.449336679646501]"
2025-11-10T18:37:20.021123,M4,138,"temperature: 95.2% (11.147); vibration: 4.8% (0.565)","[0.04825707330825272, 0.9515890295440542, 0.00015389714760773027]","[0.5652655775085998, 11.146563300681528, 0.0018026944871630405]"
2025-11-10T18:37:20.291814,M4,321,"current: 46.0% (7.094); vibration: 45.1% (6.949)","[0.45067703713942575, 0.08922280481233363, 0.46010015804817583]","[6.948873727394807, 1.375703559649283, 7.09416641354651]"
2025-11-10T18:37:20.660830,M4,422,"current: 99.7% (15.078); vibration: 0.3% (0.049)","[0.003246035691575822, 4.462124667351009e-05, 0.9967093430616846]","[0.04910625324698957, 0.0006750333168031326, 15.078288122662936]"
2025-11-10T18:37:21.027988,M4,434,"vibration: 100.0% (17.029); current: 0.0% (0.001)","[0.9999228072236493, 2.483387300620444e-05, 5.2358903285887354e-05]","[17.02903884647243, 0.000422929635243764, 0.0008916906300894513]"
2025-11-10T18:37:21.352951,M4,586,"current: 99.6% (10.946); temperature: 0.4% (0.045)","[0.00016930561815956178, 0.004049853290033128, 0.9957808410917163]","[0.0018610353476883024, 0.0445166569640959, 10.945787647022694]"
2025-11-10T18:37:22.257033,M4,627,"current: 39.6% (5.383); temperature: 39.5% (5.360)","[0.2091365598948687, 0.3945821297285392, 0.39628131037651854]","[2.840746346285065, 5.359692938906514, 5.382773270819079]"
2025-11-10T18:37:22.763628,M4,789,"current: 94.9% (11.706); vibration: 5.1% (0.635)","[0.05146399131424142, 3.538893566064983e-05, 0.9485006197500169]","[0.6351398412046279, 0.0004367504812959577, 11.70586496744975]"
2025-11-10T18:37:23.535240,M4,880,"temperature: 42.1% (4.993); vibration: 29.5% (3.499)","[0.29530196983451773, 0.4213824198707912, 0.2833156102946066]","[3.4991274302470163, 4.993094982806988, 3.3570972247647792]"
2025-11-10T18:37:24.262250,M4,1003,"current: 64.6% (7.622); temperature: 34.8% (4.110)","[0.006100013824233579, 0.3482037715816273, 0.6456962145940544]","[0.07200383510831831, 4.1101557595581575, 7.621721049384188]"
2025-11-10T18:37:24.703233,M4,1134,"temperature: 99.7% (11.626); current: 0.3% (0.031)","[0.0002506955811865636, 0.9970821369685336, 0.00266716745019399]","[0.0029230790493404153, 11.62585272245118, 0.03109883811211988]"
2025-11-10T18:37:25.116651,M4,1228,"vibration: 96.7% (12.661); temperature: 3.3% (0.426)","[0.9673877902290087, 0.03253015582417349, 8.205394674142299e-05]","[12.660576614591886, 0.42573467874663173, 0.0010738716053088721]"
2025-11-10T18:37:25.545635,M4,1254,"temperature: 47.9% (5.448); current: 31.3% (3.561)","[0.2087072050136428, 0.4785342566090197, 0.3127585383772497]","[2.376173824997911, 5.448209489676494, 3.5608193420444967]"
2025-11-10T18:37:25.904815,M4,1322,"vibration: 89.2% (10.307); temperature: 8.9% (1.029)","[0.8916065578828818, 0.08904968566693688, 0.019343756450094767]","[10.307130827011855, 1.0294302483068614, 0.22361727451893734]"
2025-11-10T18:37:26.302515,M4,1437,"vibration: 71.4% (7.872); temperature: 28.6% (3.151)","[0.7141475087337124, 0.2858436714906195, 8.819775577445257e-06]","[7.871828191352367, 3.150766815036995, 9.72176716754781e-05]"
2025-11-10T18:37:26.800595,M4,1684,"current: 77.1% (11.178); temperature: 12.1% (1.749)","[0.10853877848691872, 0.12060733221308925, 0.770853889299923]","[1.5738503788752403, 1.7488486432669748, 11.177651919846827]"
2025-11-10T18:37:27.220025,M4,1746,"temperature: 60.1% (6.748); current: 30.6% (3.439)","[0.09273992800778463, 0.6009930223537188, 0.3062670496384076]","[1.0412765771150834, 6.747902124034419, 3.438742211486805]"
2025-11-10T18:37:27.555555,M4,1756,"vibration: 97.8% (10.350); current: 2.2% (0.230)","[0.97825549157813, 1.703130287071043e-07, 0.021744338108746816]","[10.349551684995713, 1.8018436987139128e-06, 0.23004639692791706]"
2025-11-10T18:37:27.817834,M4,1795,"vibration: 57.6% (6.762); temperature: 34.6% (4.064)","[0.5761199813903268, 0.3462112639663021, 0.07766875464328579]","[6.762224943204328, 4.063664723381757, 0.9116392538390486]"
2025-11-10T18:37:28.064281,M4,1815,"temperature: 89.3% (9.523); current: 6.9% (0.733)","[0.037996521228275605, 0.8932350147109839, 0.06876846406064666]","[0.4050802505330534, 9.52276292269512, 0.7331393967121933]"
2025-11-10T18:37:28.319576,M4,1819,"current: 80.7% (9.273); temperature: 13.4% (1.541)","[0.05850079803965937, 0.13419016451245325, 0.8073090374478004]","[0.6719281397688669, 1.5412806429581474, 9.272585638629238]"
2025-11-10T18:37:28.540281,M4,1880,"temperature: 62.1% (7.218); current: 25.0% (2.903)","[0.12949312315680706, 0.6208361360790625, 0.2496707407640444]","[1.5055340493993619, 7.218066250767004, 2.9027626502131425]"
2025-11-10T18:37:28.751873,M4,2041,"vibration: 59.5% (6.512); current: 40.5% (4.437)","[0.5946789461055406, 0.00011549110368274129, 0.40520556279068526]","[6.511795659337971, 0.0012646394707236791, 4.437042612992887]"
2025-11-10T18:37:28.950029,M4,2071,"vibration: 82.0% (9.390); current: 10.7% (1.226)","[0.820464714656801, 0.07241101471787634, 0.10712427062523518]","[9.389927717432032, 0.8287183860565913, 1.2259992903830697]"
2025-11-10T18:37:29.181376,M4,2474,"vibration: 54.8% (6.966); current: 43.1% (5.474)","[0.5484086897744904, 0.02062277336352103, 0.4309685368619098]","[6.966222447101769, 0.2619630749934466, 5.474425827782885]"
2025-11-10T18:37:29.384964,M4,2481,"current: 94.7% (16.005); temperature: 3.4% (0.574)","[0.01947742957263825, 0.03393335168465389, 0.9465892187426488]","[0.32933322095710227, 0.5737605142660235, 16.005360212916298]"
2025-11-10T18:37:29.567879,M4,2530,"current: 62.9% (8.006); temperature: 32.9% (4.181)","[0.041810032703851197, 0.32874400475182136, 0.6294459625442488]","[0.5317861517679145, 4.181329166662933, 8.005988623310126]"
2025-11-10T18:37:29.783981,M4,2559,"current: 82.0% (15.850); temperature: 16.1% (3.104)","[0.019672779110633525, 0.1605554786144935, 0.8197717422748213]","[0.3803742578174215, 3.1043489419092136, 15.850331378901865]"
2025-11-10T18:37:30.010933,M4,2833,"vibration: 68.3% (7.624); temperature: 31.7% (3.545)","[0.6825910910686468, 0.3174000191935303, 8.889737733469466e-06]","[7.623912975691164, 3.5450654959849492, 9.9290172027565e-05]"
2025-11-10T18:37:30.251956,M4,2873,"vibration: 85.2% (9.104); temperature: 14.3% (1.532)","[0.8518189594733323, 0.14330458190704295, 0.0048764586195311505]","[9.103952994668449, 1.5315909127086973, 0.052117940741899224]"
2025-11-10T18:37:30.452721,M4,2917,"temperature: 78.7% (8.600); current: 18.3% (1.999)","[0.029747704876822486, 0.7872637970454662, 0.1829884980776198]","[0.3249782985165294, 8.600450028225033, 1.9990547505966825]"
2025-11-10T18:37:30.643791,M4,3024,"vibration: 84.8% (12.945); current: 11.5% (1.756)","[0.8476384765553894, 0.037350517063991284, 0.11501100638055388]","[12.94483130261345, 0.5704037226148239, 1.7564069078013151]"
2025-11-10T18:37:30.828296,M4,3127,"current: 64.2% (8.151); temperature: 28.1% (3.566)","[0.07719145511386642, 0.28083130625875946, 0.6419772386272954]","[0.9800634406502122, 3.5655824319965617, 8.150881731405086]"
2025-11-10T18:37:31.012529,M4,3151,"vibration: 57.0% (7.517); current: 43.0% (5.681)","[0.5695683607893332, 2.4195242233323882e-05, 0.4304074439683578]","[7.517348236553933, 0.00031933666624952536, 5.680657253207129]"
2025-11-10T18:37:31.212597,M4,3222,"temperature: 55.4% (5.973); vibration: 44.6% (4.806)","[0.44583479993828745, 0.554136895154893, 2.8304906726889144e-05]","[4.805708689525344, 5.973110427003633, 0.00030510210560603197]"
2025-11-10T18:37:31.392477,M4,3343,"current: 49.2% (9.254); temperature: 29.6% (5.577)","[0.21184514120730924, 0.29637448427141894, 0.4917803745212187]","[3.9864057699686795, 5.577040603517567, 9.254100006146867]"
2025-11-10T18:37:31.575081,M4,3449,"vibration: 72.9% (7.839); current: 27.1% (2.910)","[0.7292618498166845, 6.988008644075048e-09, 0.27073814319521383]","[7.839188528809884, 7.51174865593581e-08, 2.91029531708084]"
2025-11-10T18:37:31.773403,M4,3831,"temperature: 60.3% (6.637); current: 19.9% (2.190)","[0.19851826234313033, 0.6026248392154687, 0.19885689844131005]","[2.1862964683906134, 6.636752418595975, 2.1900258930630914]"
2025-11-10T18:37:31.951794,M4,3891,"vibration: 59.7% (6.759); temperature: 40.3% (4.560)","[0.5971195665526721, 0.40285983336676334, 2.0600080476254305e-05]","[6.759330873476889, 4.560331065820996, 0.00023319075066177987]"
2025-11-10T18:37:32.134913,M4,4140,"current: 83.7% (9.605); temperature: 13.2% (1.512)","[0.031466027322260344, 0.1317294280372003, 0.8368045446404522]","[0.3611698576864297, 1.5120020805312377, 9.604916922109863]"
2025-11-10T18:37:32.308342,M4,4375,"vibration: 63.3% (8.820); temperature: 34.9% (4.858)","[0.6331864233526194, 0.34875084223703007, 0.018062734410278804]","[8.820073182750619, 4.857981532183772, 0.2516077943296726]"
2025-11-10T18:37:32.503250,M4,4473,"temperature: 73.1% (9.346); vibration: 24.4% (3.126)","[0.24440331664439263, 0.7308317180123692, 0.024764965343159914]","[3.1255518817734886, 9.34624162575054, 0.31670676606648496]"
2025-11-10T18:37:32.668813,M4,4556,"vibration: 73.7% (9.420); temperature: 22.1% (2.825)","[0.7371300540164852, 0.2210910263883983, 0.041778919595038266]","[9.419705858379272, 2.825298500797942, 0.5338883301824202]"
2025-11-10T18:37:32.830917,M4,4707,"temperature: 75.7% (9.407); vibration: 24.3% (3.012)","[0.24253986616761844, 0.7574598172511777, 3.1658112333451326e-07]","[3.012221988479249, 9.407266330957071, 3.9317768081336516e-06]"
2025-11-10T18:37:33.030321,M4,4868,"vibration: 53.7% (5.697); current: 30.5% (3.237)","[0.5367124724987875, 0.15834788129594796, 0.3049396462051702]","[5.69675558800206, 1.680730789469433, 3.2366802012908304]"
2025-11-10T18:37:33.248828,M4,5031,"current: 100.0% (15.278); temperature: 0.0% (0.000)","[6.314607154358522e-06, 1.2800518513168756e-05, 0.9999808848742671]","[9.647527175750172e-05, 0.00019556774823949283, 15.277819389597854]"
2025-11-10T18:37:33.455106,M4,5180,"temperature: 71.4% (8.979); current: 14.8% (1.866)","[0.1381985723460648, 0.7135308187006137, 0.148270608953242]","[1.7391537359834048, 8.97939658866386, 1.8659048289720486]"
2025-11-10T18:37:33.613376,M4,5268,"current: 69.8% (10.727); vibration: 30.2% (4.650)","[0.30236405883439516, 0.00012608498168626995, 0.6975098561838535]","[4.649961325688445, 0.0019390210954682362, 10.726783692627423]"
2025-11-10T18:37:33.790215,M4,5415,"current: 54.8% (6.034); vibration: 29.3% (3.226)","[0.29303203558412555, 0.15883447159861688, 0.5481334928171668]","[3.2255328531603493, 1.748361080502481, 6.03354710168448]"
2025-11-10T18:37:33.990093,M4,5513,"vibration: 56.0% (10.432); temperature: 26.1% (4.854)","[0.5601597965696983, 0.2606088649497798, 0.17923133848046832]","[10.432369856869341, 4.853558009311244, 3.3379896672704743]"
2025-11-10T18:37:34.179335,M4,5527,"temperature: 53.5% (6.184); current: 46.5% (5.373)","[2.9945541322770424e-05, 0.5350328603379121, 0.4649371941206787]","[0.000346094682614572, 6.183626002653441, 5.373497473313302]"
2025-11-10T18:37:34.365395,M4,5777,"current: 95.0% (10.898); vibration: 4.0% (0.463)","[0.040377381835623366, 0.009451771785719312, 0.9501708463785701]","[0.46310553561044154, 0.10840643043951403, 10.897917564960931]"
2025-11-10T18:37:34.549833,M4,5997,"vibration: 64.3% (7.123); current: 34.4% (3.806)","[0.6432282370153558, 0.013098469073200239, 0.3436732939113537]","[7.123065178126139, 0.14505154402891582, 3.8058143776008273]"
2025-11-10T18:37:34.722558,M4,6193,"vibration: 91.7% (10.906); temperature: 8.3% (0.986)","[0.9170564803180824, 0.08293788877515643, 5.630906677061734e-06]","[10.906350325472097, 0.9863620067579169, 6.696713036559555e-05]"
2025-11-10T18:37:34.904552,M4,6391,"temperature: 74.2% (9.656); vibration: 25.3% (3.290)","[0.2526889338837101, 0.7415640837366723, 0.0057469823795407915]","[3.2902438197078965, 9.655850796199935, 0.07483103025380748]"
2025-11-10T18:37:35.098157,M4,6483,"vibration: 60.7% (7.479); current: 29.2% (3.596)","[0.6069263072691337, 0.10127964632204671, 0.2917940464087384]","[7.478710691521472, 1.247995291537637, 3.5955654392678293]"
2025-11-10T18:37:35.273416,M4,6588,"vibration: 79.6% (8.536); temperature: 18.8% (2.015)","[0.7961394965341413, 0.1879527938179444, 0.015907709647821153]","[8.536295949034137, 2.0152506934555334, 0.17056422651590392]"
2025-11-10T18:37:35.470561,M4,6873,"temperature: 75.4% (8.285); vibration: 17.1% (1.876)","[0.17069570891074612, 0.7538317994621633, 0.07547249162699964]","[1.8761072792478128, 8.285324425108655, 0.8295140623506884]"
2025-11-10T18:37:35.681650,M4,7045,"temperature: 54.2% (7.940); vibration: 45.8% (6.709)","[0.45765517399963257, 0.5416497544151605, 0.0006950715851387255]","[6.708795015903648, 7.940076676132543, 0.010189096619016205]"
2025-11-10T18:37:35.906668,M4,7431,"current: 93.1% (10.297); temperature: 6.5% (0.717)","[0.004021096612017317, 0.06481580022189584, 0.9311631031659965]","[0.04446744227631013, 0.7167678703233282, 10.297300844778967]"
2025-11-10T18:37:36.120137,M4,7521,"current: 51.2% (6.179); vibration: 48.8% (5.881)","[0.48762637085812244, 3.1358563969682473e-06, 0.5123704932853975]","[5.880922546604581, 3.781938322037651e-05, 6.179344199277762]"
2025-11-10T18:37:36.325534,M4,7533,"vibration: 55.8% (6.705); current: 44.2% (5.306)","[0.55823163299878, 1.3810160246265372e-07, 0.4417682288995343]","[6.704998503874333, 1.6587577327363047e-06, 5.306140209071716]"
2025-11-10T18:37:36.537928,M4,7644,"current: 91.8% (10.620); vibration: 7.8% (0.899)","[0.07772969093959758, 0.0039814477135174265, 0.9182888613467984]","[0.8989417307575508, 0.04604533293836583, 10.619985341199213]"
2025-11-10T18:37:36.730123,M4,7747,"vibration: 85.2% (9.538); temperature: 14.8% (1.658)","[0.8518774479619213, 0.14812068317561122, 1.8688623782647991e-06]","[9.53823003077217, 1.658465254390978, 2.092512168551081e-05]"
2025-11-10T18:37:37.004963,M4,7766,"temperature: 99.7% (11.088); current: 0.2% (0.021)","[0.000757592977368441, 0.9973115916421779, 0.0019308153803637698]","[0.008422987402490248, 11.08820068784008, 0.021466980438269206]"
2025-11-10T18:37:37.226416,M4,8076,"temperature: 51.0% (7.083); vibration: 28.5% (3.957)","[0.28481889658253556, 0.5098347340667843, 0.20534636935060827]","[3.9571493866357286, 7.083421182391004, 2.8529927939249635]"
2025-11-10T18:37:37.428561,M4,8094,"current: 87.3% (9.272); temperature: 12.7% (1.345)","[0.00015928328959539497, 0.1266518002809298, 0.8731889164293806]","[0.0016913458929925151, 1.3448491853062026, 9.271936129401203]"
2025-11-10T18:37:37.620647,M4,8680,"current: 78.9% (8.755); vibration: 21.1% (2.342)","[0.21105980840193125, 1.2043854649382609e-05, 0.7889281477433293]","[2.3422084111601316, 0.00013365508988264524, 8.755026157924346]"
2025-11-10T18:37:37.810337,M4,8766,"current: 51.9% (6.399); temperature: 47.2% (5.821)","[0.008134512205587682, 0.472465980976487, 0.5193995068178441]","[0.1002172048601381, 5.8207817270766435, 6.399002849029224]"
2025-11-10T18:37:37.970049,M4,8898,"vibration: 52.0% (6.322); temperature: 32.3% (3.934)","[0.5196376754467948, 0.3233644354802265, 0.1569978890728965]","[6.321999948891071, 3.934106476828193, 1.9100629026589566]"
2025-11-10T18:37:38.156991,M4,8949,"temperature: 100.0% (11.464); vibration: 0.0% (0.003)","[0.00030356764746916273, 0.9995428382888069, 0.00015359406363666224]","[0.0034816025799094628, 11.463708183428361, 0.0017615628433214484]"
2025-11-10T18:37:38.338255,M4,8998,"temperature: 50.0% (7.228); vibration: 46.8% (6.752)","[0.4675699511849913, 0.5004853326085775, 0.0319447162063621]","[6.752364934167133, 7.227709140432059, 0.4613264410963368]"
2025-11-10T18:37:38.583399,M4,9528,"temperature: 70.5% (7.524); vibration: 29.0% (3.098)","[0.29018568103200576, 0.7047773256525628, 0.005036993315337879]","[3.098102691734262, 7.5243979024473475, 0.05377633552764657]"
2025-11-10T18:37:38.785297,M4,10189,"current: 99.9% (12.201); vibration: 0.1% (0.011)","[0.0009384215508074984, 2.9985136733533308e-05, 0.999031593312377]","[0.011460391584938237, 0.00036619087487761655, 12.200586458434007]"
2025-11-10T18:37:38.971858,M4,10707,"current: 72.5% (7.707); vibration: 25.1% (2.668)","[0.2510772851066766, 0.023587652679007694, 0.7253350622142216]","[2.667746464129479, 0.25062353611479166, 7.706830375790414]"
2025-11-10T18:37:39.151813,M4,10722,"current: 73.8% (8.063); temperature: 16.3% (1.782)","[0.09861885121536981, 0.16313384177256915, 0.7382473070119695]","[1.0770586696229572, 1.7816544851686695, 8.06271470965097]"
2025-11-10T18:37:39.338265,M4,10876,"vibration: 63.8% (9.600); current: 31.2% (4.691)","[0.6381376854109012, 0.050023549629727194, 0.3118387649593052]","[9.599933284475602, 0.7525378144511503, 4.691199732538878]"
2025-11-10T18:37:39.779502,M4,11072,"temperature: 88.3% (11.632); current: 11.7% (1.536)","[0.00041959912092343315, 0.8830094559385104, 0.11657094494049024]","[0.005527405882938929, 11.631939673047711, 1.535596465087427]"
2025-11-10T18:37:39.955705,M4,11086,"temperature: 83.2% (9.532); vibration: 16.8% (1.925)","[0.16803802236074, 0.8319362312589172, 2.5746380255441457e-05]","[1.9253460561087474, 9.53215896786562, 0.00029499687622765023]"
2025-11-10T18:37:40.125390,M4,11222,"temperature: 47.7% (6.330); current: 47.1% (6.252)","[0.05256007561974402, 0.47666021714001766, 0.4707797072401631]","[0.6980415368278767, 6.3304442886330055, 6.252346224286156]"
2025-11-10T18:37:40.298143,M4,11413,"current: 69.7% (7.490); vibration: 30.3% (3.252)","[0.3025312429666064, 0.0005737868058064788, 0.6968949702274941]","[3.2516837977786275, 0.006167208522083203, 7.490406812933015]"
2025-11-10T18:37:40.478336,M4,11527,"vibration: 53.4% (6.089); current: 37.5% (4.281)","[0.5337065049200023, 0.09101660302942086, 0.37527689205048925]","[6.088692309383585, 1.0383461430257794, 4.281277266537496]"
2025-11-10T18:37:40.664096,M4,11640,"vibration: 96.7% (10.897); current: 3.1% (0.355)","[0.9674009499432202, 0.001116402175167846, 0.031482647881523024]","[10.896559913518947, 0.012574872073480296, 0.3546125925319495]"
2025-11-10T18:37:40.863521,M4,12089,"temperature: 100.0% (13.137); vibration: 0.0% (0.003)","[0.0002487675716106422, 0.9997508744513661, 3.579769471594534e-07]","[0.0032689201061744545, 13.137185500104609, 4.703981441552275e-06]"
2025-11-10T18:37:41.045544,M4,12704,"current: 70.4% (7.972); vibration: 28.3% (3.202)","[0.28277445974213855, 0.013263819301707148, 0.703961720956066]","[3.2022188267861607, 0.15020328187258472, 7.971863789388676]"
2025-11-10T18:37:41.210300,M4,12719,"current: 84.8% (10.300); temperature: 12.2% (1.475)","[0.030002641567012364, 0.12152178626120791, 0.8484755721716973]","[0.3642215375355731, 1.4752318304129208, 10.30019562669208]"
2025-11-10T18:37:41.396281,M4,12730,"temperature: 68.3% (8.408); vibration: 23.9% (2.936)","[0.23854087656292342, 0.6831829362144122, 0.07827618722258317]","[2.935762475911483, 8.408046692962648, 0.9633581318079201]"
2025-11-10T18:37:41.598281,M4,12737,"vibration: 50.6% (5.402); current: 47.3% (5.056)","[0.5056621356953851, 0.021079238151967074, 0.47325862615255426]","[5.402486256098013, 0.22521024685467333, 5.056287672900275]"
2025-11-10T18:37:41.781535,M4,13485,"temperature: 91.4% (10.243); current: 7.9% (0.885)","[0.007124234394150463, 0.9139341282714832, 0.07894163733427699]","[0.07984219095459114, 10.24257473185945, 0.8847088590300399]"
2025-11-10T18:37:41.966683,M4,13529,"current: 64.5% (7.680); temperature: 33.2% (3.951)","[0.023504402841292845, 0.33174330726344026, 0.6447522898951831]","[0.27995748502598994, 3.9513457373405227, 7.67954968958807]"
2025-11-10T18:37:42.121339,M4,14229,"current: 67.6% (9.156); temperature: 32.0% (4.337)","[0.003639799280421094, 0.32023878397224603, 0.676121416747259]","[0.04929092301125691, 4.3367405809719095, 9.156177616282038]"
2025-11-10T18:37:42.315077,M4,14869,"vibration: 93.0% (11.462); current: 6.0% (0.745)","[0.9298032080124075, 0.009797620751879316, 0.060399171235632154]","[11.461736000176348, 0.12077581742048743, 0.7445439522757841]"
2025-11-10T18:37:42.495862,M4,15025,"current: 91.4% (11.450); temperature: 8.5% (1.065)","[0.0010775972853165857, 0.08501921983035726, 0.9139031828842463]","[0.013500379695102219, 1.0651397926953565, 11.449583384830998]"
2025-11-10T18:37:42.679759,M4,15388,"vibration: 50.1% (5.753); temperature: 25.6% (2.947)","[0.5005968130040129, 0.2564233812175885, 0.2429798057783114]","[5.752646365297634, 2.9467087956208484, 2.792220925585723]"
2025-11-10T18:37:42.853184,M4,15638,"temperature: 72.6% (8.246); current: 23.7% (2.698)","[0.03696023049962282, 0.7256115961709627, 0.23742817332932648]","[0.4200227634604784, 8.24598179456177, 2.6981768278251095]"
2025-11-10T18:37:43.038055,M4,16132,"vibration: 62.9% (6.787); current: 37.0% (3.993)","[0.6294630665852246, 0.00015377695080476676, 0.3703831564638779]","[6.786917439283498, 0.0016580344814168806, 3.993498645533666]"
2025-11-10T18:37:43.257200,M4,16148,"current: 83.8% (15.961); temperature: 16.2% (3.077)","[1.7283842085279172e-05, 0.16161210327758427, 0.8383706128802781]","[0.0003290546950652982, 3.0768171278398952, 15.961137865751981]"
2025-11-10T18:37:43.435210,M4,16634,"current: 77.6% (8.444); vibration: 22.4% (2.443)","[0.22434905364038896, 0.00010078591390711823, 0.7755501604456121]","[2.442555350480064, 0.001097286435009666, 8.443646911916689]"
2025-11-10T18:37:43.606891,M4,17502,"temperature: 74.0% (10.586); current: 25.8% (3.685)","[0.0026562094633696314, 0.7397975251256547, 0.2575462654109058]","[0.03800852386396727, 10.585991909151426, 3.6853092762224886]"
2025-11-10T18:37:43.783401,M4,19312,"temperature: 84.0% (9.977); current: 16.0% (1.900)","[0.00040349887575320766, 0.8396617958092832, 0.1599347053148793]","[0.004794458744879968, 9.977038553439968, 1.9003779008686073]"
2025-11-10T18:37:43.954357,M4,19664,"temperature: 99.9% (13.461); current: 0.1% (0.010)","[0.00010696625420494762, 0.9991486744763955, 0.0007443592693251862]","[0.0014411105507127282, 13.461102356260414, 0.010028433775852703]"
2025-11-10T18:37:44.119425,M4,19668,"current: 98.9% (14.237); temperature: 1.1% (0.152)","[0.00010883458607318627, 0.01052897845036127, 0.9893621869634961]","[0.0015661518355701432, 0.1515141419807765, 14.237123152327777]"
2025-11-10T18:37:44.296168,M4,19848,"temperature: 99.3% (12.295); vibration: 0.7% (0.089)","[0.007198758788142627, 0.9927344833770538, 6.675783472271824e-05]","[0.08915311499074878, 12.29453217651589, 0.0008267632088702765]"
2025-11-10T18:37:44.465532,M4,20363,"temperature: 99.9% (11.931); current: 0.0% (0.005)","[0.0001216643687118233, 0.999492989732447, 0.00038534589875744655]","[0.0014523170610984937, 11.931025795029752, 0.004599904056670509]"
2025-11-10T18:37:44.613478,M4,20557,"temperature: 87.1% (15.703); vibration: 6.7% (1.199)","[0.06654301118476517, 0.871480097152658, 0.06197689166252134]","[1.1990344409512934, 15.703146468503228, 1.1167578130802076]"
2025-11-10T18:37:44.812782,M4,20705,"temperature: 99.9% (11.315); vibration: 0.0% (0.004)","[0.0003575362494467714, 0.9994857514100003, 0.00015671234046464968]","[0.00404773037535879, 11.315352896330204, 0.0017741677988563436]"
2025-11-10T18:37:45.025443,M4,20811,"temperature: 60.8% (6.566); vibration: 28.9% (3.118)","[0.28863414017609085, 0.6078155254504636, 0.10355033437335287]","[3.1181406578805477, 6.5662859606346515, 1.1186636049002754]"
2025-11-10T18:37:45.258657,M4,20989,"temperature: 98.2% (10.706); vibration: 1.7% (0.189)","[0.017370959005242735, 0.9824594685847784, 0.00016957240988720943]","[0.18929924233604892, 10.706307750357677, 0.0018479076890952641]"
2025-11-10T18:37:47.209235,M5,13,"temperature: 53.9% (5.728); vibration: 43.8% (4.651)","[0.4379672956237561, 0.5393320118657574, 0.02270069251039234]","[4.651479784189338, 5.728034890337732, 0.24109519901207163]"
2025-11-10T18:37:47.464410,M5,232,"vibration: 100.0% (12.459); temperature: 0.0% (0.000)","[0.9999865744754896, 1.0627961627997788e-05, 2.797562802178622e-06]","[12.459373208634613, 0.0001324195181717592, 3.485634699167798e-05]"
2025-11-10T18:37:47.634273,M5,242,"current: 100.0% (11.618); vibration: 0.0% (0.001)","[7.115280745951026e-05, 5.6762949387078016e-05, 0.9998720842430674]","[0.0008267451831646662, 0.0006595452331897276, 11.617804819566299]"
2025-11-10T18:37:47.811250,M5,323,"vibration: 100.0% (10.577); current: 0.0% (0.000)","[0.9999864763883825, 6.3148431227110744e-06, 7.208768400399884e-06]","[10.576902345125879, 6.679238230794213e-05, 7.624747054083728e-05]"
2025-11-10T18:37:48.004352,M5,482,"vibration: 76.7% (11.646); temperature: 14.3% (2.176)","[0.7667330198989455, 0.1432386891691591, 0.09002829093182947]","[11.646429041136164, 2.1757498191141424, 1.367500909469774]"
2025-11-10T18:37:48.172903,M5,526,"temperature: 63.9% (6.934); vibration: 36.1% (3.913)","[0.3607073817176684, 0.6391949203766394, 9.76979055999578e-05]","[3.913216032007429, 6.9344514051375645, 0.0010598979390628216]"
2025-11-10T18:37:48.329030,M5,544,"current: 73.9% (9.268); temperature: 16.0% (2.011)","[0.10076142960058553, 0.16035074054559728, 0.7388878298537375]","[1.263878351440309, 2.0113234837611365, 9.268073468157924]"
2025-11-10T18:37:48.494120,M5,563,"current: 85.3% (9.787); temperature: 8.2% (0.937)","[0.06504264462350266, 0.0817264336930852, 0.853230921683325]","[0.7460859531759048, 0.9374610232182967, 9.787172848953233]"
2025-11-10T18:37:48.675170,M5,594,"current: 100.0% (11.671); vibration: 0.0% (0.001)","[0.000118551645860959, 6.881863326714077e-05, 0.9998126297207862]","[0.0013839143477677477, 0.0008033553079799691, 11.671327152832543]"
2025-11-10T18:37:48.885388,M5,654,"vibration: 94.4% (10.104); temperature: 4.6% (0.488)","[0.9443791228492064, 0.04557294831142364, 0.010047928839276549]","[10.10408550091339, 0.4875933352678074, 0.10750463414824418]"
2025-11-10T18:37:49.150215,M5,745,"current: 99.8% (11.641); temperature: 0.1% (0.016)","[0.00038575656228604174, 0.0013808659686351864, 0.998233377468993]","[0.00449868442431187, 0.016103628123259574, 11.641375380460982]"
2025-11-10T18:37:49.361272,M5,761,"temperature: 88.4% (9.369); vibration: 11.6% (1.228)","[0.11589251239357495, 0.8840765123856916, 3.0975220638930616e-05]","[1.2281531512634944, 9.368865444535158, 0.0003282551568956557]"
2025-11-10T18:37:49.588041,M5,837,"temperature: 52.0% (5.440); vibration: 36.1% (3.780)","[0.3614244418892074, 0.5202007854007406, 0.11837477270995635]","[3.779536201586339, 5.439913499592392, 1.2378845671676602]"
2025-11-10T18:37:49.817058,M5,913,"temperature: 64.5% (8.770); vibration: 35.5% (4.829)","[0.355098669740098, 0.6448949825134518, 6.3477463767358394e-06]","[4.82925236729613, 8.770409146392831, 8.63277500850221e-05]"
2025-11-10T18:37:50.040266,M5,1081,"current: 73.3% (7.959); vibration: 22.4% (2.428)","[0.22372963510651558, 0.04293601808411664, 0.7333343468092756]","[2.428183634630292, 0.46599341387387827, 7.959028131373018]"
2025-11-10T18:37:50.257298,M5,1307,"vibration: 62.1% (6.547); current: 22.8% (2.403)","[0.6207399493966185, 0.151478603313009, 0.22778144729027763]","[6.5473618417080885, 1.5977467345719933, 2.4025641618314864]"
2025-11-10T18:37:50.414680,M5,1412,"vibration: 65.0% (6.986); temperature: 32.9% (3.529)","[0.650418990422735, 0.32853874036922837, 0.021042269207943408]","[6.9864587744122035, 3.5289903880191145, 0.22602499082296362]"
2025-11-10T18:37:50.591090,M5,1432,"vibration: 57.0% (6.782); temperature: 27.9% (3.320)","[0.5703009868784578, 0.27916276505921633, 0.15053624806224172]","[6.782418394207796, 3.3199989413994446, 1.790282397091434]"
2025-11-10T18:37:50.779050,M5,1466,"vibration: 94.5% (10.897); current: 5.4% (0.621)","[0.9451365694838799, 0.001037209561819777, 0.05382622095421359]","[10.897021307362522, 0.011958583616674909, 0.6205933571623086]"
2025-11-10T18:37:50.962394,M5,1822,"vibration: 58.7% (6.350); temperature: 41.3% (4.469)","[0.5869196851918762, 0.41307848383456985, 1.8309734615961849e-06]","[6.3504140716103965, 4.46946913284218, 1.981095527825815e-05]"
2025-11-10T18:37:51.145126,M5,1833,"temperature: 53.1% (5.515); vibration: 44.9% (4.662)","[0.4491065204491561, 0.5313716274519616, 0.019521852098785774]","[4.661504766892077, 5.515376111398372, 0.20262722199188005]"
2025-11-10T18:37:51.322233,M5,2126,"vibration: 87.6% (10.636); temperature: 12.4% (1.503)","[0.8757185187920947, 0.12372493357017175, 0.0005565476376511595]","[10.636472374488989, 1.5027623713722666, 0.00675982458510629]"
2025-11-10T18:37:51.499517,M5,2196,"vibration: 64.5% (7.713); current: 33.1% (3.959)","[0.6453692861581872, 0.023363907171119115, 0.33126680667061004]","[7.712770486817115, 0.2792206842672292, 3.958950177131573]"
2025-11-10T18:37:51.683277,M5,2280,"temperature: 55.3% (6.204); vibration: 44.6% (5.005)","[0.44633614144333067, 0.5533129500200935, 0.00035090853648652776]","[5.004568232351837, 6.204051509843998, 0.00393458102783846]"
2025-11-10T18:37:51.868285,M5,2388,"vibration: 74.3% (7.786); current: 22.3% (2.334)","[0.7425673348572163, 0.03486485863924547, 0.22256780650344288]","[7.78588289917632, 0.36556106620781703, 2.333642751597128]"
2025-11-10T18:37:52.058432,M5,2409,"vibration: 59.2% (7.964); current: 38.0% (5.116)","[0.5920703181790989, 0.02760887789598322, 0.3803208039248436]","[7.963993352516771, 0.37136960472918973, 5.115730786161563]"
2025-11-10T18:37:52.221468,M5,2694,"vibration: 100.0% (13.396); temperature: 0.0% (0.001)","[0.9999486423556226, 4.028480477801254e-05, 1.1072839524689467e-05]","[13.396195225767881, 0.0005396908266877534, 0.00014834153844831696]"
2025-11-10T18:37:52.393646,M5,2913,"temperature: 99.9% (12.060); current: 0.0% (0.006)","[1.223843616912034e-05, 0.9994963122534269, 0.0004914493103211323]","[0.0001476726705277104, 12.060224653986227, 0.0059299759447402865]"
2025-11-10T18:37:52.559374,M5,2925,"vibration: 100.0% (12.689); temperature: 0.0% (0.000)","[0.9999829839119675, 1.154247682804601e-05, 5.473611125687489e-06]","[12.68889615046678, 0.00014646378203085365, 6.945526499879166e-05]"
2025-11-10T18:37:52.738141,M5,3097,"temperature: 61.7% (11.529); vibration: 37.3% (6.965)","[0.3729325809361184, 0.6172524331665278, 0.009814985897300474]","[6.965433373699679, 11.52870764786286, 0.18331900677554133]"
2025-11-10T18:37:52.902743,M5,3127,"vibration: 100.0% (11.681); temperature: 0.0% (0.001)","[0.9999156541925805, 8.344848922660499e-05, 8.973181071985209e-07]","[11.680945579654601, 0.0009748394849838315, 1.04824081250016e-05]"
2025-11-10T18:37:53.070320,M5,3142,"temperature: 50.1% (5.436); vibration: 34.0% (3.690)","[0.3402272286606746, 0.50118695797903, 0.1585858133602031]","[3.689997473754417, 5.435716053948634, 1.7199718346354609]"
2025-11-10T18:37:53.273635,M5,3436,"vibration: 54.9% (7.896); temperature: 36.3% (5.222)","[0.5491181881247702, 0.36315395265785216, 0.08772785921730818]","[7.896369830203726, 5.22218709469358, 1.2615346491391581]"
2025-11-10T18:37:53.448143,M5,3464,"temperature: 67.8% (7.111); current: 21.2% (2.219)","[0.11050069056250555, 0.6779660890419956, 0.21153322039540348]","[1.1590413767610013, 7.111184059035519, 2.218771247036608]"
2025-11-10T18:37:53.610283,M5,3571,"temperature: 52.5% (5.580); current: 47.4% (5.039)","[0.0005297898764081836, 0.5251768133857377, 0.47429339673776005]","[0.00562870305094218, 5.579691993795017, 5.039085886953958]"
2025-11-10T18:37:53.785712,M5,3595,"temperature: 88.1% (10.413); current: 8.6% (1.014)","[0.03271894994062706, 0.8814372476198968, 0.08584380243939137]","[0.3865226029624181, 10.412785860069155, 1.0141086442956067]"
2025-11-10T18:37:53.956326,M5,3796,"vibration: 76.4% (8.295); current: 23.6% (2.568)","[0.7635438778049874, 3.0487457802398138e-05, 0.23642563473711822]","[8.294582376724097, 0.00033119344879807685, 2.5683552187385503]"
2025-11-10T18:37:54.138220,M5,4000,"temperature: 65.0% (8.667); vibration: 34.1% (4.541)","[0.340762559893471, 0.6504457206743354, 0.00879171943211864]","[4.540536626574112, 8.666951613591282, 0.11714644972903576]"
2025-11-10T18:37:54.306171,M5,4191,"temperature: 92.1% (10.698); current: 6.8% (0.785)","[0.011284799959026634, 0.9211115836127466, 0.06760361642814071]","[0.13106263152021577, 10.697868682685339, 0.7851541809802408]"
2025-11-10T18:37:54.785133,M5,4306,"vibration: 64.8% (8.945); current: 19.6% (2.708)","[0.6483261117858334, 0.15540404451353407, 0.19626984370056003]","[8.945324117463059, 2.144197992440932, 2.7080466673619]"
2025-11-10T18:37:55.000304,M5,4659,"current: 52.0% (6.385); vibration: 35.7% (4.392)","[0.35738200137966, 0.12311451258115827, 0.5195034860391005]","[4.392158138564537, 1.5130543964755914, 6.384600946356294]"
2025-11-10T18:37:55.342420,M5,4924,"current: 89.4% (11.026); vibration: 7.9% (0.975)","[0.07899830360894468, 0.027238897224663626, 0.8937627991663105]","[0.974599793595525, 0.336045489588476, 11.026325880397993]"
2025-11-10T18:37:55.809757,M5,4965,"current: 62.8% (14.780); vibration: 25.5% (5.990)","[0.25471217417875885, 0.11679553529261821, 0.6284922905285804]","[5.989951578333241, 2.746628044866478, 14.779970371498196]"
2025-11-10T18:37:56.051411,M5,5283,"vibration: 82.8% (9.109); current: 10.4% (1.140)","[0.8278808275049749, 0.06853468005876931, 0.10358449243616484]","[9.109385845456728, 0.7541047258356843, 1.1397668334107536]"
2025-11-10T18:37:56.331652,M5,5468,"current: 99.3% (14.234); vibration: 0.7% (0.104)","[0.0072574517854447195, 7.120932687867668e-05, 0.9926713388876068]","[0.10406440242459006, 0.001021068588226618, 14.233887146523626]"
2025-11-10T18:37:56.632187,M5,5605,"vibration: 99.8% (11.721); current: 0.2% (0.019)","[0.9976638649916308, 0.0007334307317278701, 0.001602704276556217]","[11.720657827970477, 0.008616419766964787, 0.018828734891684153]"
2025-11-10T18:37:56.979882,M5,5653,"temperature: 46.0% (4.980); vibration: 41.7% (4.514)","[0.41663886750645546, 0.4596553651597881, 0.1237057673336641]","[4.513963698847864, 4.980014574083861, 1.340257442672767]"
2025-11-10T18:37:57.363278,M5,5689,"current: 74.4% (9.687); vibration: 25.0% (3.255)","[0.2501381162747908, 0.0054365056770811345, 0.7444253780480512]","[3.2549458368869515, 0.07074304302103235, 9.686905463414567]"
2025-11-10T18:37:57.628888,M5,5825,"temperature: 83.8% (8.824); vibration: 14.6% (1.537)","[0.14599015960020867, 0.8378658135388417, 0.01614402686085459]","[1.537456964191258, 8.823763420841038, 0.17001657231749578]"
2025-11-10T18:37:57.859677,M5,5993,"temperature: 49.2% (7.495); current: 39.3% (5.988)","[0.11438097394139957, 0.4922890640625074, 0.3933299619960274]","[1.741410327843806, 7.494928840894618, 5.988311119130804]"
2025-11-10T18:37:58.111218,M5,6020,"current: 98.6% (11.212); temperature: 0.8% (0.087)","[0.006851265498904362, 0.007637492465639532, 0.9855112420353681]","[0.07794319648327369, 0.08688768169677002, 11.211636213298359]"
2025-11-10T18:37:58.311194,M5,6052,"current: 94.5% (10.842); vibration: 4.3% (0.492)","[0.04287944853518626, 0.012092426250756948, 0.9450281252139696]","[0.49195834151306705, 0.13873709122704378, 10.842361202056166]"
2025-11-10T18:37:58.491358,M5,6093,"temperature: 72.6% (8.334); vibration: 26.1% (2.990)","[0.2605646820959351, 0.7263621100283327, 0.013073207875645169]","[2.989593637376779, 8.333928931215471, 0.14999568924979229]"
2025-11-10T18:37:58.673411,M5,6304,"vibration: 66.5% (9.283); temperature: 32.2% (4.491)","[0.664842998017006, 0.3216002200278882, 0.013556781955034292]","[9.283232361415003, 4.490518180842316, 0.18929394960462856]"
2025-11-10T18:37:58.873407,M5,6360,"current: 55.7% (6.225); temperature: 39.8% (4.445)","[0.04475507678291946, 0.3979357558443354, 0.5573091673726557]","[0.4999105996283947, 4.444910312245105, 6.225098470750333]"
2025-11-10T18:37:59.050252,M5,6381,"current: 53.9% (6.139); vibration: 27.6% (3.140)","[0.2757856346375188, 0.18503561045271516, 0.5391787549096781]","[3.139869998556103, 2.106664339818209, 6.138648949662942]"
2025-11-10T18:37:59.213691,M5,6592,"vibration: 93.4% (10.193); temperature: 6.6% (0.718)","[0.9340258086345797, 0.0657965615548175, 0.00017762981051110667]","[10.192812348793682, 0.7180229913609245, 0.0019384339376427584]"
2025-11-10T18:37:59.394012,M5,6605,"current: 52.5% (5.820); vibration: 36.9% (4.088)","[0.36886942903535935, 0.10597341189687161, 0.5251571590676788]","[4.088192266007982, 1.1745068818856739, 5.820334424985392]"
2025-11-10T18:37:59.558047,M5,6611,"vibration: 74.6% (9.309); current: 25.4% (3.167)","[0.746150188897927, 1.6454474818916724e-05, 0.25383335662717404]","[9.309167312900165, 0.00020529038444852963, 3.16689216406628]"
2025-11-10T18:37:59.719225,M5,6950,"current: 70.2% (9.749); temperature: 29.8% (4.134)","[0.00040408085739686875, 0.2976378168475204, 0.7019581022950107]","[0.0056122274142278205, 4.133853620247038, 9.749406420087258]"
2025-11-10T18:37:59.901297,M5,7084,"vibration: 58.7% (6.734); temperature: 40.2% (4.604)","[0.5874024546639461, 0.40155777760993916, 0.01103976772602735]","[6.734322333810184, 4.603691197751096, 0.1265662983992737]"
2025-11-10T18:38:00.064580,M5,7736,"vibration: 40.1% (5.091); temperature: 38.3% (4.865)","[0.40126816909148655, 0.38344929248517956, 0.2152825384232549]","[5.090893597396351, 4.864825317340074, 2.7312918913344104]"
2025-11-10T18:38:00.238148,M5,8009,"current: 93.3% (10.069); temperature: 6.7% (0.729)","[9.163290889127088e-06, 0.06748397113927664, 0.9325068655697417]","[9.894799275065028e-05, 0.7287123772309207, 10.069491811485666]"
2025-11-10T18:38:00.423135,M5,8211,"temperature: 71.0% (9.457); current: 14.5% (1.934)","[0.1449173031330471, 0.7099106297644673, 0.14517206710241046]","[1.9304647722906845, 9.456824220478323, 1.933858520707693]"
2025-11-10T18:38:00.590608,M5,8296,"current: 95.3% (10.934); temperature: 4.7% (0.543)","[2.1129384539578857e-05, 0.047340251347417345, 0.952638619267956]","[0.0002425121864897239, 0.5433470076579953, 10.933895119399837]"
2025-11-10T18:38:00.774248,M5,8766,"current: 66.1% (8.413); temperature: 20.6% (2.623)","[0.13353409699371463, 0.20596539455255156, 0.6605005084536552]","[1.700790658796776, 2.623330122993685, 8.41263108224242]"
2025-11-10T18:38:00.936836,M5,9003,"current: 78.3% (8.246); vibration: 21.4% (2.258)","[0.2144299595902298, 0.0025859184848975414, 0.7829841219247777]","[2.2584005197208983, 0.02723518514581009, 8.246477084019833]"
2025-11-10T18:38:01.104239,M5,9039,"temperature: 57.5% (6.975); vibration: 24.1% (2.921)","[0.24095753047134666, 0.5753512300196565, 0.18369123950891436]","[2.92096250003308, 6.974587446791453, 2.2267626213655025]"
2025-11-10T18:38:01.279988,M5,9072,"temperature: 38.0% (4.065); current: 36.5% (3.900)","[0.25541117170008837, 0.38004107695130307, 0.364547751348515]","[2.732163599648224, 4.065344479280272, 3.8996105375436088]"
2025-11-10T18:38:01.463101,M5,9190,"current: 64.3% (6.879); vibration: 17.9% (1.911)","[0.17860982386973634, 0.17857069416497495, 0.6428194819651953]","[1.9113088406068572, 1.9108901125155329, 6.878829686828758]"
2025-11-10T18:38:01.654583,M5,9265,"temperature: 75.4% (7.806); current: 24.0% (2.480)","[0.006373469343447607, 0.7540752582621805, 0.23955127239427543]","[0.06597819934989971, 7.806192362970803, 2.479836452151526]"
2025-11-10T18:38:01.839607,M5,9372,"temperature: 68.3% (7.447); vibration: 30.3% (3.303)","[0.3031980475472077, 0.6834586759267363, 0.013343276525964285]","[3.303456675932777, 7.446539131696815, 0.1453800124212567]"
2025-11-10T18:38:02.027337,M5,9375,"current: 53.0% (5.958); temperature: 44.5% (5.002)","[0.024111440818388768, 0.4453959481361002, 0.530492611045422]","[0.270776052492734, 5.001880955225756, 5.957532616047193]"
2025-11-10T18:38:02.183293,M5,9686,"vibration: 90.5% (9.705); temperature: 9.5% (1.023)","[0.9046161774048824, 0.09536011774007526, 2.370485494897396e-05]","[9.704709930915289, 1.0230220338312124, 0.00025430535842744525]"
2025-11-10T18:38:02.368122,M5,9713,"vibration: 97.9% (13.453); temperature: 2.1% (0.282)","[0.9793983653359549, 0.02056543505547323, 3.619960849918708e-05]","[13.4532320891984, 0.28249135449773166, 0.0004972458112186358]"
2025-11-10T18:38:02.568618,M5,9899,"current: 99.7% (10.543); temperature: 0.3% (0.029)","[3.11502565096901e-07, 0.0027522816713367016, 0.9972474068260035]","[3.293273120733511e-06, 0.02909772266588259, 10.543117288936724]"
2025-11-10T18:38:02.744218,M5,9918,"temperature: 71.9% (8.815); vibration: 21.7% (2.657)","[0.21663566227348444, 0.7186577636972531, 0.06470657402918095]","[2.6573781159553183, 8.815471072807831, 0.7937281977448196]"
2025-11-10T18:38:02.917871,M5,10004,"current: 100.0% (11.221); vibration: 0.0% (0.001)","[4.992307039647494e-05, 2.9196668375012213e-05, 0.9999208802611393]","[0.0005602462134125524, 0.00032765057860939577, 11.22130274499313]"
2025-11-10T18:38:03.079355,M5,10193,"current: 79.3% (9.074); temperature: 20.7% (2.364)","[7.678965506590128e-05, 0.20667786698633256, 0.7932453433585142]","[0.0008784398425402854, 2.364303795559772, 9.074377452505221]"
2025-11-10T18:38:03.256445,M5,10289,"vibration: 75.5% (9.506); temperature: 21.8% (2.742)","[0.7545518048301957, 0.21768804373322026, 0.027760151436504638]","[9.505789089839892, 2.7424182380340456, 0.34972038098406383]"
2025-11-10T18:38:03.443771,M5,10330,"temperature: 66.1% (10.773); current: 33.9% (5.521)","[7.289295524197456e-05, 0.661107977744719, 0.33881912929997776]","[0.0011878718242662853, 10.773490208398103, 5.521434765291547]"
2025-11-10T18:38:03.661756,M5,10338,"current: 95.6% (11.672); temperature: 4.3% (0.527)","[0.0008770945207878525, 0.04313685862066759, 0.9559860468584627]","[0.010708486569778674, 0.5266598527909283, 11.671676770348641]"
2025-11-10T18:38:03.863971,M5,10343,"vibration: 96.0% (12.602); temperature: 4.0% (0.523)","[0.9601172017156968, 0.03986457438055225, 1.8223903674778394e-05]","[12.602466581297685, 0.5232610826165891, 0.000239206355882154]"
2025-11-10T18:38:04.035474,M5,10466,"temperature: 65.5% (8.276); vibration: 24.7% (3.121)","[0.24688302108938906, 0.6547745893613951, 0.09834238954913667]","[3.1206321268779234, 8.276432337907298, 1.2430600488717434]"
2025-11-10T18:38:04.246579,M5,11099,"temperature: 52.0% (6.135); vibration: 24.1% (2.849)","[0.2413111453387044, 0.5197441676479266, 0.23894468701328433]","[2.8485650616724003, 6.13533649633887, 2.820630129383079]"
2025-11-10T18:38:04.411009,M5,11300,"current: 93.4% (14.461); vibration: 6.6% (1.026)","[0.06626757194645276, 6.020726358651899e-06, 0.933726407327124]","[1.0262989514038134, 9.324417610421448e-05, 14.460804954679999]"
2025-11-10T18:38:04.608655,M5,12195,"temperature: 81.8% (10.481); current: 18.2% (2.327)","[0.00010451255287842023, 0.8182461885566615, 0.18164929889038203]","[0.00133866444756112, 10.480626985041955, 2.326681835356519]"
2025-11-10T18:38:04.799397,M5,12611,"current: 93.5% (13.649); vibration: 6.5% (0.955)","[0.06540324021964845, 4.658964996709718e-06, 0.9345921008152864]","[0.9551881536612113, 6.804231958896803e-05, 13.649343674809518]"
2025-11-10T18:38:04.992182,M5,12873,"current: 60.5% (8.007); temperature: 36.6% (4.847)","[0.028284904874977153, 0.36640238398694613, 0.6053127111380011]","[0.37416640810806806, 4.846948029155763, 8.007369439981028]"
2025-11-10T18:38:05.158547,M5,13247,"current: 60.2% (7.740); vibration: 35.0% (4.497)","[0.3500735596222888, 0.04742749461687253, 0.6024989457607609]","[4.497162448324857, 0.60926951478214, 7.73990368468289]"
2025-11-10T18:38:05.329345,M5,13854,"temperature: 98.5% (11.602); vibration: 1.3% (0.151)","[0.0128564742972343, 0.9850444739540387, 0.0020990517486421754]","[0.1514261768770685, 11.602054754376242, 0.024723059683041296]"
2025-11-10T18:38:05.491282,M5,14428,"current: 79.4% (9.740); vibration: 20.6% (2.527)","[0.205989746892391, 7.979054362904402e-06, 0.7940022740531645]","[2.5268070289369517, 9.787637954130443e-05, 9.739759174118243]"
2025-11-10T18:38:05.690319,M5,14526,"temperature: 72.0% (11.867); vibration: 14.1% (2.322)","[0.1409633585768162, 0.720345807929811, 0.13869083349331215]","[2.3221722257118276, 11.866679717133731, 2.284735584839861]"
2025-11-10T18:38:05.878938,M5,15310,"current: 46.4% (6.455); temperature: 29.2% (4.061)","[0.24464547983086002, 0.29169295247271426, 0.46366156769635375]","[3.405670508647654, 4.060610833699018, 6.454558360074887]"
2025-11-10T18:38:06.041989,M5,15338,"vibration: 59.6% (6.595); temperature: 40.4% (4.462)","[0.5964259585568549, 0.40351283864912457, 6.120279393016606e-05]","[6.594811352965471, 4.461729090111191, 0.0006767325842431284]"
2025-11-10T18:38:06.218173,M5,15512,"current: 97.6% (12.731); temperature: 2.4% (0.312)","[0.00049658395306885, 0.023942216945604913, 0.9755611991012497]","[0.006480266419611826, 0.312438498112631, 12.730770778522443]"
2025-11-10T18:38:06.406664,M5,15601,"current: 80.2% (11.107); vibration: 19.6% (2.711)","[0.19580444821664794, 0.002048408517546633, 0.8021471432657332]","[2.7112402630055676, 0.028363643923508076, 11.107069586440792]"
2025-11-10T18:38:06.603410,M5,15842,"current: 96.4% (10.289); vibration: 3.5% (0.373)","[0.034970088842591465, 0.0005691187941498903, 0.9644607923631648]","[0.37307087327010346, 0.006071521478931242, 10.28914257728371]"
2025-11-10T18:38:06.785182,M5,16001,"vibration: 92.7% (10.268); current: 6.7% (0.737)","[0.9266570143802955, 0.006813554913851358, 0.06652943070576278]","[10.268281811257909, 0.07550096843403828, 0.7372122938994653]"
2025-11-10T18:38:07.066798,M5,16131,"current: 86.8% (9.358); temperature: 13.2% (1.421)","[0.0006020195068461594, 0.1317868552629507, 0.8676111252301104]","[0.006493479846618822, 1.4214743525211426, 9.358194032446313]"
2025-11-10T18:38:07.303005,M5,16338,"temperature: 59.9% (7.714); vibration: 26.8% (3.445)","[0.2675500380735121, 0.5990696091477904, 0.13338035277861987]","[3.4450476827763286, 7.713784620166116, 1.7174420103861876]"
2025-11-10T18:38:07.543216,M5,17748,"temperature: 86.0% (9.919); vibration: 14.0% (1.611)","[0.13961385542645596, 0.8597828100598353, 0.0006033345136220211]","[1.6107149630356306, 9.919252160855196, 0.00696062669309155]"
2025-11-10T18:38:07.766289,M5,17859,"temperature: 99.9% (12.514); vibration: 0.1% (0.007)","[0.000586201498034635, 0.999393628771527, 2.0169730358505492e-05]","[0.00734032954352441, 12.514261057804864, 0.00025256241775539024]"
2025-11-10T18:38:07.999136,M5,18178,"temperature: 68.0% (10.422); current: 31.5% (4.819)","[0.0049596332043759265, 0.680437991594886, 0.3146023752006728]","[0.07596635221394447, 10.422220756897755, 4.818742406343953]"
2025-11-10T18:38:08.205092,M5,18313,"vibration: 65.7% (8.053); current: 28.7% (3.518)","[0.6568721344624058, 0.05616801982549337, 0.28695984571201916]","[8.052725308342508, 0.6885748550414732, 3.517897457980067]"
2025-11-10T18:38:08.405095,M5,18332,"temperature: 78.6% (8.786); current: 19.0% (2.122)","[0.024557065359403326, 0.7857106943333577, 0.1897322403071496]","[0.2746021591855657, 8.78597869905952, 2.1216249618160328]"
2025-11-10T18:38:08.592948,M5,19412,"current: 90.7% (11.479); temperature: 9.3% (1.179)","[0.00034907047745938555, 0.09311311590382984, 0.9065378136186318]","[0.004419964290487785, 1.1790073175663012, 11.478669847229988]"
2025-11-10T18:38:08.796112,M5,20994,"current: 100.0% (10.645); vibration: 0.0% (0.000)","[4.102806389729011e-05, 1.2549769255787917e-05, 0.999946422166753]","[0.00043675734948613016, 0.00013359645657523914, 10.644761353277898]"
